pid;gender;rank;rank_s;rank_cj;name;born;nation;category;bweight;snatch1;snatch2;snatch3;snatch;jerk1;jerk2;jerk3;jerk;total;event;date
0;W;1;1;1;SUKCHAROEN Thunya;21.04.1997;THA;45;44.77;77;80;---;80;96;100;106;106;186;2018 IWF World Championships;11.2018
1;W;2;3;2;DZHUMABAYEVA Yulduz;22.04.1998;TKM;45;44.90;75;---;---;75;94;104;---;104;179;2018 IWF World Championships;11.2018
2;W;3;2;3;NANTHAWONG Chiraphan;17.08.1999;THA;45;44.47;76;---;---;76;95;---;---;95;171;2018 IWF World Championships;11.2018
3;W;4;6;4;ECHANDIA ZARATE Katherin Oriana;14.08.2001;VEN;45;44.97;67;---;---;67;86;90;---;90;157;2018 IWF World Championships;11.2018
4;W;5;4;5;PAGLIARO Alessandra;16.07.1997;ITA;45;43.22;70;---;---;70;82;84;86;86;156;2018 IWF World Championships;11.2018
5;W;6;5;7;NGUYEN Thi Thu Trang;03.06.2003;VIE;45;44.93;70;---;---;70;78;81;---;81;151;2018 IWF World Championships;11.2018
6;W;7;7;6;PANDOVA Daniela Ivanova;16.09.1994;BUL;45;45.00;---;55;60;60;75;81;---;81;141;2018 IWF World Championships;11.2018
7;W;1;4;1;PRAMONGKHOL Chayuttra;29.11.1994;THA;49;48.23;84;86;89;89;115;120;---;120;209;2018 IWF World Championships;11.2018
8;W;2;2;2;HOU Zhihui;18.03.1997;CHN;49;48.46;88;---;93;93;108;112;115;115;208;2018 IWF World Championships;11.2018
9;W;3;3;3;JIANG Huihua;22.01.1998;CHN;49;48.95;87;90;92;92;---;108;114;114;206;2018 IWF World Championships;11.2018
10;W;4;1;4;TANASAN Sopita;23.12.1994;THA;49;48.83;86;89;93;93;102;108;---;108;201;2018 IWF World Championships;11.2018
11;W;5;9;5;ANDRIES Elena-Ramona;21.09.1994;ROU;49;48.53;---;83;---;83;100;---;105;105;188;2018 IWF World Championships;11.2018
12;W;6;5;7;PIRON CANDELARIO Beatriz Elizabeth;27.02.1995;DOM;49;48.98;81;---;84;84;100;103;---;103;187;2018 IWF World Championships;11.2018
13;W;7;10;6;AGUSTIANI Sri Wahyuni;13.08.1994;INA;49;48.69;82;---;---;82;---;104;---;104;186;2018 IWF World Championships;11.2018
14;W;8;8;11;VUONG Thi Huyen;22.06.1992;VIE;49;48.72;83;---;---;83;---;---;100;100;183;2018 IWF World Championships;11.2018
15;W;9;12;9;MIYAKE Hiromi;18.11.1985;JPN;49;48.86;77;79;---;79;102;---;---;102;181;2018 IWF World Championships;11.2018
16;W;10;7;14;SEGURA SEGURA Ana Iris;26.07.1991;COL;49;48.85;78;81;83;83;97;---;---;97;180;2018 IWF World Championships;11.2018
17;W;11;11;13;ERDOGAN Saziye;23.02.1992;TUR;49;48.67;77;79;81;81;97;---;---;97;178;2018 IWF World Championships;11.2018
18;W;12;16;10;RITCHEY Alyssa Lynn;14.04.1989;USA;49;48.95;74;77;---;77;96;99;101;101;178;2018 IWF World Championships;11.2018
19;W;13;6;22;SOBOL Kristina Ivanovna;30.11.1991;RUS;49;48.67;77;80;83;83;88;91;93;93;176;2018 IWF World Championships;11.2018
20;W;14;17;12;DALABEHERA Jhilli;03.02.1999;IND;49;48.68;73;76;---;76;92;96;98;98;174;2018 IWF World Championships;11.2018
21;W;15;19;15;RANAIVOSOA Marie Hanitra Roilya;14.11.1990;MRI;49;48.95;---;73;76;76;94;97;---;97;173;2018 IWF World Championships;11.2018
22;W;16;14;17;FANG Wan-Ling;01.12.1999;TPE;49;48.37;72;75;78;78;90;94;---;94;172;2018 IWF World Championships;11.2018
23;W;17;15;18;MICHEL Anais;12.01.1988;FRA;49;48.44;---;76;78;78;---;94;---;94;172;2018 IWF World Championships;11.2018
24;W;18;18;16;TAKAHASHI Ibuki;24.03.1997;JPN;49;47.85;73;76;---;76;---;96;---;96;172;2018 IWF World Championships;11.2018
25;W;19;13;20;DE LA HERRAN MARTINEZ Andrea;12.09.1996;MEX;49;48.66;76;78;---;78;93;---;---;93;171;2018 IWF World Championships;11.2018
26;W;20;20;19;VILLA SOTO Socorro Guadalupe;17.07.1997;MEX;49;48.46;72;---;75;75;93;---;---;93;168;2018 IWF World Championships;11.2018
27;W;21;21;23;KO Bogeum;04.01.1991;KOR;49;48.19;66;70;73;73;85;90;---;90;163;2018 IWF World Championships;11.2018
28;W;22;22;25;PUTRI Yolanda;27.01.2000;INA;49;48.38;---;73;---;73;---;---;90;90;163;2018 IWF World Championships;11.2018
29;W;23;25;21;RUSSO Giorgia;28.04.1993;ITA;49;48.76;67;70;---;70;---;93;---;93;163;2018 IWF World Championships;11.2018
30;W;24;24;26;BURGOS ORTIZ Lely Berlitt;06.06.1985;PUR;49;48.88;---;70;---;70;---;88;---;88;158;2018 IWF World Championships;11.2018
31;W;25;23;29;NWAOKOLO Augustina Nkem;12.12.1992;NGR;49;48.55;---;68;72;72;85;---;---;85;157;2018 IWF World Championships;11.2018
32;W;26;26;24;PIPILIARIDOU Maria;30.09.1986;GRE;49;48.91;67;---;---;67;---;87;90;90;157;2018 IWF World Championships;11.2018
33;W;27;27;28;ROBSON Kelly-Jo;13.08.1988;GBR;49;48.74;65;67;---;67;---;83;86;86;153;2018 IWF World Championships;11.2018
34;W;28;29;27;IMPERIO Giulia;07.12.2001;ITA;49;48.91;---;65;---;65;78;82;86;86;151;2018 IWF World Championships;11.2018
35;W;29;28;30;PEREZ Elien Rose;28.08.1998;PHI;49;48.56;65;---;---;65;80;---;83;83;148;2018 IWF World Championships;11.2018
36;W;---;30;---;CHULUUNBAATAR Nyamzul;14.06.1998;MGL;49;48.85;63;---;---;63;---;---;---;---;0;2018 IWF World Championships;11.2018
37;W;---;---;---;BRADDOCK Amanda Melissa;10.02.1989;CAN;49;48.76;---;---;---;---;---;---;---;---;0;2018 IWF World Championships;11.2018
38;W;---;---;---;OLIVEIRA MADEIRA Luana;31.01.1998;BRA;49;48.52;---;---;---;---;---;---;---;---;0;2018 IWF World Championships;11.2018
39;W;---;---;---;COTES VILLA Santa Dolorita;21.03.1997;DOM;49;48.84;---;---;---;---;---;---;---;---;0;2018 IWF World Championships;11.2018
40;W;---;---;8;RI Song Gum;17.10.1997;PRK;49;48.95;---;---;---;---;---;103;---;103;0;2018 IWF World Championships;11.2018
41;M;1;1;1;OM Yun Chol;18.11.1991;PRK;55;54.90;120;---;---;120;155;---;162;162;282;2018 IWF World Championships;11.2018
42;W;1;1;1;SRISURAT Sukanya;03.05.1995;THA;55;54.50;101;103;105;105;122;125;127;127;232;2018 IWF World Championships;11.2018
43;M;2;2;6;CHONTEY Arli;01.07.1992;KAZ;55;54.81;115;118;120;120;135;---;138;138;258;2018 IWF World Championships;11.2018
44;W;2;2;4;LI Yajun;27.04.1993;CHN;55;54.82;97;100;102;102;117;121;123;123;225;2018 IWF World Championships;11.2018
45;M;3;5;5;SCARANTINO Mirco;16.01.1995;ITA;55;54.90;110;113;---;113;136;138;139;139;252;2018 IWF World Championships;11.2018
46;W;3;3;2;ZHANG Wanqiong;21.01.1994;CHN;55;54.79;96;99;101;101;118;122;124;124;225;2018 IWF World Championships;11.2018
47;M;4;4;7;KIM Young-Ho;09.10.1996;KOR;55;54.88;114;---;---;114;---;---;137;137;251;2018 IWF World Championships;11.2018
48;W;4;5;3;IOVU Cristina;08.11.1992;ROU;55;55.00;94;97;---;97;---;118;123;123;220;2018 IWF World Championships;11.2018
49;M;5;3;8;BRACHI GARCIA Josue;08.09.1992;ESP;55;54.86;115;---;---;115;135;---;---;135;250;2018 IWF World Championships;11.2018
50;W;5;10;5;CHINSHANLO Zulfiya;25.07.1993;KAZ;55;54.87;90;93;---;93;---;120;---;120;213;2018 IWF World Championships;11.2018
51;M;6;7;4;RUSEV Angel Hriskov;13.07.2001;BUL;55;54.84;103;108;---;108;130;135;140;140;248;2018 IWF World Championships;11.2018
52;W;6;4;10;NABIEVA Muattar;02.06.1996;UZB;55;54.84;90;94;98;98;110;114;---;114;212;2018 IWF World Championships;11.2018
53;M;7;8;9;MASSIDDA Sergio;26.01.2002;ITA;55;54.81;---;105;---;105;---;126;131;131;236;2018 IWF World Championships;11.2018
54;W;7;6;9;LANDOULSI Nouha;05.05.1998;TUN;55;54.73;93;---;97;97;114;---;---;114;211;2018 IWF World Championships;11.2018
55;M;8;6;10;SAHIN Muammer;05.02.1994;TUR;55;55.00;110;---;---;110;120;125;---;125;235;2018 IWF World Championships;11.2018
56;W;8;9;7;SHERMETOVA Kristina;25.05.1993;TKM;55;54.47;90;93;---;93;113;117;---;117;210;2018 IWF World Championships;11.2018
57;M;9;10;11;SOMBOON-UAN Thada;03.11.2000;THA;55;54.76;---;---;101;101;120;123;---;123;224;2018 IWF World Championships;11.2018
58;W;9;7;8;ESCOBAR GUERRERO Maria Alexandra;17.07.1980;ECU;55;54.75;91;93;---;93;113;---;116;116;209;2018 IWF World Championships;11.2018
59;M;10;9;12;GUZMAN LOPEZ Leonardo Everardo;06.12.1998;MEX;55;54.44;100;103;---;103;120;---;---;120;223;2018 IWF World Championships;11.2018
60;W;10;15;6;RI Su Yon;11.01.1996;PRK;55;53.29;---;88;---;88;---;---;118;118;206;2018 IWF World Championships;11.2018
61;W;11;8;15;DIAZ Hidilyn ;20.02.1991;PHI;55;54.70;88;91;93;93;110;---;---;110;203;2018 IWF World Championships;11.2018
62;W;12;11;11;AMALAHA Chika Joy;28.10.1997;NGR;55;54.89;90;---;---;90;112;---;---;112;202;2018 IWF World Championships;11.2018
63;W;13;13;16;LOPEZ FERRER Ana Gabriela;22.09.1994;MEX;55;54.61;85;---;90;90;105;110;---;110;200;2018 IWF World Championships;11.2018
64;W;14;17;14;ANGGRAINI Syarah;19.08.1994;INA;55;53.47;84;87;---;87;105;---;111;111;198;2018 IWF World Championships;11.2018
65;W;15;18;12;DELACRUZ Jourdan Elizabeth;20.05.1998;USA;55;54.92;---;83;86;86;107;110;112;112;198;2018 IWF World Championships;11.2018
66;W;16;12;22;DOS REIS SANTOS Rosane;20.06.1987;BRA;55;54.22;85;90;---;90;102;106;---;106;196;2018 IWF World Championships;11.2018
67;W;17;16;17;ERSHOVA Svetlana;14.03.1994;RUS;55;53.72;83;87;---;87;103;106;109;109;196;2018 IWF World Championships;11.2018
68;W;18;20;13;SINISTERRA TORRES Yenny;04.05.2000;COL;55;54.87;---;85;---;85;106;111;---;111;196;2018 IWF World Championships;11.2018
69;W;19;14;18;LOCHOWSKA Joanna;17.11.1988;POL;55;54.72;88;---;---;88;108;---;---;108;196;2018 IWF World Championships;11.2018
70;W;20;19;21;HOGAN Caitlin Leigh;22.05.1988;USA;55;55.00;83;85;---;85;106;---;---;106;191;2018 IWF World Championships;11.2018
71;W;21;21;20;LEBLANC-BAZINET Rachel;10.10.1988;CAN;55;54.82;80;84;---;84;103;106;---;106;190;2018 IWF World Championships;11.2018
72;W;22;31;19;SANDI PIZANGO Tessy Karen;20.11.1996;PER;55;54.76;77;80;---;80;103;107;---;107;187;2018 IWF World Championships;11.2018
73;W;23;24;23;PSYSHCHANITSA Liudmila;25.03.1997;BLR;55;54.80;---;79;82;82;100;104;---;104;186;2018 IWF World Championships;11.2018
74;W;24;22;24;MAGISTRIS Lucrezia;21.04.1999;ITA;55;54.31;82;---;---;82;95;100;103;103;185;2018 IWF World Championships;11.2018
75;W;25;23;26;SADOYAMA Ayana;03.05.1994;JPN;55;52.41;78;80;82;82;97;100;102;102;184;2018 IWF World Championships;11.2018
76;W;26;25;27;STERCKX Nina;26.07.2002;BEL;55;54.89;75;78;81;81;94;98;101;101;182;2018 IWF World Championships;11.2018
77;W;27;30;25;YAGI Kanae;16.07.1992;JPN;55;54.37;78;---;80;80;96;100;102;102;182;2018 IWF World Championships;11.2018
78;W;28;33;29;OVSTHUS Sarah Orteza Hovden;20.03.1994;NOR;55;53.76;---;77;79;79;---;97;99;99;178;2018 IWF World Championships;11.2018
79;W;29;26;35;KONOTOP Kamila;23.03.2001;UKR;55;52.79;78;---;81;81;92;94;96;96;177;2018 IWF World Championships;11.2018
80;W;30;29;32;TALJAARD Johanni;19.08.1984;RSA;55;54.91;76;80;---;80;97;---;---;97;177;2018 IWF World Championships;11.2018
81;W;31;35;31;SHELEH Natalya;07.10.1998;BLR;55;54.50;---;77;---;77;90;95;98;98;175;2018 IWF World Championships;11.2018
82;W;32;37;30;DOZOIS-PREVOST Marilou;11.05.1986;CAN;55;54.91;70;73;75;75;---;98;---;98;173;2018 IWF World Championships;11.2018
83;W;33;34;36;HANHUR Mariia;24.08.2000;UKR;55;53.96;76;---;78;78;92;95;---;95;173;2018 IWF World Championships;11.2018
84;W;34;36;34;BRUHN Katrine Nim;29.12.1991;DEN;55;54.76;73;---;76;76;93;96;---;96;172;2018 IWF World Championships;11.2018
85;W;35;27;37;ZALATAROVA Aksana;18.02.1984;ISR;55;54.92;75;78;80;80;87;---;90;90;170;2018 IWF World Championships;11.2018
86;W;36;38;33;WILLIAMS Amy Louise;28.02.1992;GBR;55;54.73;71;---;74;74;92;96;---;96;170;2018 IWF World Championships;11.2018
87;W;37;39;39;RITO ENOCKSSON Sofia Julia;02.11.1985;URU;55;54.18;69;72;---;72;---;87;---;87;159;2018 IWF World Championships;11.2018
88;W;38;40;38;JENSEN Sandra Hoegfeldt;05.02.1994;DEN;55;54.66;71;---;---;71;---;88;---;88;159;2018 IWF World Championships;11.2018
89;W;39;41;40;BRAJSHORI Leonora;19.07.1985;KOS;55;54.45;---;---;59;59;70;72;---;72;131;2018 IWF World Championships;11.2018
90;M;---;---;---;KWAK Un Bom;11.10.1994;PRK;55;54.91;---;---;---;---;---;---;---;---;0;2018 IWF World Championships;11.2018
91;M;---;---;3;CHOMCHUEN Teerapat;31.07.2001;THA;55;54.63;---;---;---;---;133;136;141;141;0;2018 IWF World Championships;11.2018
92;M;---;---;2;LAI Gia Thanh;03.05.1998;VIE;55;54.72;---;---;---;---;139;142;---;142;0;2018 IWF World Championships;11.2018
93;W;---;28;---;HERNANDEZ MARTIN Atenery;10.12.1994;ESP;55;54.77;80;---;---;80;---;---;---;---;0;2018 IWF World Championships;11.2018
94;W;---;32;---;KENTLI Sumeyye;16.11.1995;TUR;55;54.45;79;---;---;79;---;---;---;---;0;2018 IWF World Championships;11.2018
95;W;---;---;28;COBAN BASOL Aysegul;16.12.1992;TUR;55;54.11;---;---;---;---;95;100;---;100;0;2018 IWF World Championships;11.2018
96;W;1;1;2;KUO Hsing-Chun;26.11.1993;TPE;59;58.07;100;103;105;105;128;---;132;132;237;2018 IWF World Championships;11.2018
97;W;2;5;1;CHEN Guiming;03.01.1994;CHN;59;58.81;98;---;---;98;130;133;---;133;231;2018 IWF World Championships;11.2018
98;W;3;3;6;KOHA Rebeka;19.05.1998;LAT;59;58.70;98;---;103;103;117;121;124;124;227;2018 IWF World Championships;11.2018
99;W;4;4;5;SIRIKAEW Pimsiri;25.04.1990;THA;59;58.80;---;100;---;100;121;125;---;125;225;2018 IWF World Championships;11.2018
100;W;5;11;3;ANDOH Mikiko;30.09.1992;JPN;59;58.40;93;---;---;93;124;127;131;131;224;2018 IWF World Championships;11.2018
101;W;6;2;7;HOANG Thi Duyen;26.04.1996;VIE;59;58.66;95;100;103;103;113;117;120;120;223;2018 IWF World Championships;11.2018
102;W;7;14;4;FEDELIS Chineye Silver;28.10.1993;NGR;59;58.75;80;85;90;90;115;120;125;125;215;2018 IWF World Championships;11.2018
103;W;8;6;9;JAGADDHITA Acchedya;12.05.1997;INA;59;58.59;---;93;96;96;112;116;---;116;212;2018 IWF World Championships;11.2018
104;W;9;10;10;YAYLYAN Izabella;04.01.1995;ARM;59;58.56;---;90;95;95;110;115;---;115;210;2018 IWF World Championships;11.2018
105;W;10;19;8;GUICHO RECIO Quisia Yaneli;12.09.1987;MEX;59;58.63;88;---;---;88;118;---;---;118;206;2018 IWF World Championships;11.2018
106;W;11;16;11;SADUAKASSOVA Saule;04.08.1993;KAZ;59;58.64;85;90;---;90;---;112;115;115;205;2018 IWF World Championships;11.2018
107;W;12;13;12;LUCERO Jessica Marie;26.09.1989;USA;59;58.96;---;88;91;91;109;113;---;113;204;2018 IWF World Championships;11.2018
108;W;13;8;19;TCHAKOUNTE Dora Meiriama;23.03.1995;FRA;59;58.71;88;92;95;95;105;108;---;108;203;2018 IWF World Championships;11.2018
109;W;14;7;20;TE Olga;05.03.1996;RUS;59;58.84;90;95;---;95;105;---;108;108;203;2018 IWF World Championships;11.2018
110;W;15;12;13;DARSIGNY Tali;08.03.1998;CAN;59;58.77;86;89;91;91;106;111;---;111;202;2018 IWF World Championships;11.2018
111;W;16;18;16;KUSTERER Sabine Beate;04.01.1991;GER;59;58.74;87;89;---;89;106;---;109;109;198;2018 IWF World Championships;11.2018
112;W;17;17;21;ALEMANNO Maria Grazia;02.09.1990;ITA;59;58.94;88;90;---;90;108;---;---;108;198;2018 IWF World Championships;11.2018
113;W;18;20;14;HAM Eunji;23.07.1997;KOR;59;57.43;82;86;---;86;111;---;---;111;197;2018 IWF World Championships;11.2018
114;W;19;21;15;CAKIN Aysegul;24.06.1999;TUR;59;58.99;82;---;86;86;---;110;---;110;196;2018 IWF World Championships;11.2018
115;W;20;15;26;CONTRERAS Yuderqui Maridalia;27.03.1986;DOM;59;57.35;86;88;90;90;105;---;---;105;195;2018 IWF World Championships;11.2018
116;W;21;22;18;LUGO ROBLES Carolina Guadalupe;16.03.1996;MEX;59;58.89;85;---;---;85;108;---;---;108;193;2018 IWF World Championships;11.2018
117;W;22;23;25;SEO Jeongmi;18.11.1991;KOR;59;57.75;85;---;---;85;105;---;---;105;190;2018 IWF World Championships;11.2018
118;W;23;27;22;ROOS Anna Angelica Ulrika;15.04.1989;SWE;59;58.57;80;82;---;82;103;---;106;106;188;2018 IWF World Championships;11.2018
119;W;24;24;24;SKANDI EL ASAAD Mouna;10.01.1992;ESP;59;58.98;79;82;---;82;100;103;105;105;187;2018 IWF World Championships;11.2018
120;W;25;25;28;SAARHELO Marianne Ellen Vilhelmiina;16.02.1994;FIN;59;58.58;80;82;---;82;98;102;---;102;184;2018 IWF World Championships;11.2018
121;W;26;29;23;HELGADOTTIR Thuridur Erla;30.07.1991;ISL;59;58.46;79;---;---;79;99;102;105;105;184;2018 IWF World Championships;11.2018
122;W;27;26;30;AARSTEN Amalie Loevind;25.04.1994;DEN;59;57.93;77;80;82;82;97;100;---;100;182;2018 IWF World Championships;11.2018
123;W;28;30;27;GUZMAN PEREZ Gilyeliz Saned;28.10.1996;PUR;59;57.86;74;79;---;79;93;98;103;103;182;2018 IWF World Championships;11.2018
124;W;29;31;29;TSEVELEVA Darya;20.02.1996;BLR;59;58.91;75;---;---;75;95;100;---;100;175;2018 IWF World Championships;11.2018
125;W;30;32;31;KALO Sarit;13.09.1990;ISR;59;58.51;---;---;73;73;92;95;---;95;168;2018 IWF World Championships;11.2018
126;W;31;33;32;STESL Nastasja;28.05.1991;SLO;59;58.37;68;72;---;72;88;---;---;88;160;2018 IWF World Championships;11.2018
127;W;---;28;---;ANDERSSON Ine Drablos;17.08.1989;NOR;59;58.78;77;80;---;80;---;---;---;---;0;2018 IWF World Championships;11.2018
128;W;---;---;17;REYES RAMOS Flavia Marie;28.12.1991;PUR;59;58.93;---;---;---;---;108;---;---;108;0;2018 IWF World Championships;11.2018
129;W;---;9;---;KHLESTKINA Natalia;23.04.1992;RUS;59;58.56;90;95;---;95;---;---;---;---;0;2018 IWF World Championships;11.2018
130;M;1;1;1;IRAWAN Eko Yuli ;24.07.1989;INA;61;60.87;137;141;143;143;165;170;174;174;317;2018 IWF World Championships;11.2018
131;M;2;2;4;LI Fabin;15.01.1993;CHN;61;60.69;133;138;142;142;160;165;168;168;310;2018 IWF World Championships;11.2018
132;M;3;3;2;QIN Fulin;12.01.1994;CHN;61;60.83;---;135;139;139;165;169;---;169;308;2018 IWF World Championships;11.2018
133;M;4;6;3;MOSQUERA VALENCIA Francisco Antonio;01.04.1992;COL;61;60.99;130;135;---;135;---;169;---;169;304;2018 IWF World Championships;11.2018
134;M;5;5;6;THACH Kim Tuan;15.01.1994;VIE;61;60.61;135;---;---;135;---;163;---;163;298;2018 IWF World Championships;11.2018
135;M;6;4;10;ERGASHEV Adkhamjon;12.03.1999;UZB;61;60.31;---;133;136;136;157;---;---;157;293;2018 IWF World Championships;11.2018
136;M;7;7;9;MISHVELIDZE Shota;18.10.1994;GEO;61;60.49;130;135;---;135;---;---;158;158;293;2018 IWF World Championships;11.2018
137;M;8;9;8;ITOKAZU Yoichi;24.05.1991;JPN;61;60.88;125;129;132;132;155;160;---;160;292;2018 IWF World Championships;11.2018
138;M;9;19;5;VAZQUEZ MENDEZ Antonio;12.08.1993;MEX;61;60.90;---;---;120;120;166;---;---;166;286;2018 IWF World Championships;11.2018
139;M;10;10;16;LAPTSEU Henadz;15.12.1998;BLR;61;60.87;128;---;132;132;---;---;151;151;283;2018 IWF World Championships;11.2018
140;M;11;8;18;HAN Myeongmok;01.02.1991;KOR;61;60.90;132;---;---;132;150;---;---;150;282;2018 IWF World Championships;11.2018
141;M;12;11;15;ZURITA VALLEJO Cristhian David;10.02.1998;ECU;61;60.53;125;---;130;130;147;151;---;151;281;2018 IWF World Championships;11.2018
142;M;13;16;7;COLONIA Nestor;16.02.1992;PHI;61;60.39;120;---;---;120;153;160;---;160;280;2018 IWF World Championships;11.2018
143;M;14;13;11;WIJOYO Surahmat Bin Suwoto;11.05.1988;INA;61;60.91;117;121;124;124;---;150;154;154;278;2018 IWF World Championships;11.2018
144;M;15;14;13;KAO Chan-Hung;03.10.1993;TPE;61;60.63;120;123;---;123;147;150;153;153;276;2018 IWF World Championships;11.2018
145;M;16;12;20;SEZER Bunyami;04.07.1988;TUR;61;60.97;129;---;---;129;---;---;145;145;274;2018 IWF World Championships;11.2018
146;M;17;18;12;GARCIA BRITO Luis Alberto;19.04.1995;DOM;61;60.69;---;120;---;120;153;---;---;153;273;2018 IWF World Championships;11.2018
147;M;18;15;17;TAKAO Hiroaki;02.01.1992;JPN;61;60.84;118;122;---;122;147;---;150;150;272;2018 IWF World Championships;11.2018
148;M;19;17;14;MONTES GONGORA Jose Lino;18.04.1989;MEX;61;60.66;117;120;---;120;152;---;---;152;272;2018 IWF World Championships;11.2018
149;M;20;21;23;RUIU Davide;22.06.2001;ITA;61;60.67;113;117;---;117;144;---;---;144;261;2018 IWF World Championships;11.2018
150;M;21;20;24;BUPPHAMALA Patiphan;27.08.1999;THA;61;60.89;113;---;117;117;135;140;143;143;260;2018 IWF World Championships;11.2018
151;M;22;23;19;LUGO RODRIGUEZ Wilkeinner Nahun;25.03.1997;VEN;61;60.90;115;---;---;115;---;145;---;145;260;2018 IWF World Championships;11.2018
152;M;23;22;25;MAMMADLI Mahammad;31.10.1997;AZE;61;60.97;112;116;---;116;139;142;---;142;258;2018 IWF World Championships;11.2018
153;M;24;24;22;MAU Jon Luke;02.10.1998;GER;61;60.95;---;108;112;112;138;141;144;144;256;2018 IWF World Championships;11.2018
154;M;25;26;21;ACOSTA GONZALEZ Julio Cesar;22.07.1987;CHI;61;60.82;111;---;---;111;140;144;---;144;255;2018 IWF World Championships;11.2018
155;M;26;25;26;CHIANG Nien-En;19.02.2000;TPE;61;60.28;108;---;112;112;---;---;140;140;252;2018 IWF World Championships;11.2018
156;M;---;---;27;HARDAL Ferdi;31.12.1996;TUR;61;60.98;---;---;---;---;---;---;140;140;0;2018 IWF World Championships;11.2018
157;W;1;1;1;DENG Wei;14.02.1993;CHN;64;62.84;---;110;112;112;135;138;140;140;252;2018 IWF World Championships;11.2018
158;W;2;4;3;RIM Un Sim;05.07.1996;PRK;64;63.88;105;---;---;105;130;134;---;134;239;2018 IWF World Championships;11.2018
159;W;3;7;2;WAMALUN Rattanawan;15.07.1995;THA;64;63.38;99;102;---;102;131;135;137;137;239;2018 IWF World Championships;11.2018
160;W;4;6;4;LIN Tzu-Chi;19.03.1988;TPE;64;63.48;---;105;---;105;---;130;---;130;235;2018 IWF World Championships;11.2018
161;W;5;2;9;TOMA Loredana-Elena;10.05.1995;ROU;64;63.98;106;110;---;110;124;---;---;124;234;2018 IWF World Championships;11.2018
162;W;6;5;5;PEREZ TIGRERO Mercedes Isabel;07.08.1987;COL;64;63.73;100;105;---;105;127;---;---;127;232;2018 IWF World Championships;11.2018
163;W;7;8;6;SADYKOVA Assem;02.08.1993;KAZ;64;63.77;96;101;---;101;120;125;---;125;226;2018 IWF World Championships;11.2018
164;W;8;3;19;GORICHEVA Karina;08.04.1993;KAZ;64;62.88;---;100;107;107;113;117;---;117;224;2018 IWF World Championships;11.2018
165;W;9;9;14;TURIEVA Tima;22.06.1992;RUS;64;63.58;96;---;101;101;117;122;---;122;223;2018 IWF World Championships;11.2018
166;W;10;12;8;SILGADO ATENCIO Rosive Andrea;30.06.1995;COL;64;63.84;95;---;98;98;125;---;---;125;223;2018 IWF World Championships;11.2018
167;W;11;10;12;PALACIOS DAJOMES Angie Paola;12.09.2000;ECU;64;63.99;91;95;100;100;115;120;122;122;222;2018 IWF World Championships;11.2018
168;W;12;13;11;CHARRON Maude G;28.04.1993;CAN;64;62.77;---;---;97;97;120;---;123;123;220;2018 IWF World Championships;11.2018
169;W;13;11;17;BORDIGNON Giorgia;24.05.1987;ITA;64;63.52;---;95;100;100;120;---;---;120;220;2018 IWF World Championships;11.2018
170;W;14;22;7;FIGUEROA ROLDAN Yusleidy Mariana;09.01.1993;VEN;64;62.14;93;---;---;93;121;125;---;125;218;2018 IWF World Championships;11.2018
171;W;15;14;15;SASSER Mathlynn Langtor;25.12.1996;USA;64;63.43;94;97;---;97;---;121;---;121;218;2018 IWF World Championships;11.2018
172;W;16;16;13;ALEEVA Tatiana;01.03.1991;RUS;64;61.99;90;94;95;95;114;119;122;122;217;2018 IWF World Championships;11.2018
173;W;17;18;10;DAVIES Sarah;19.08.1992;GBR;64;63.70;92;94;---;94;118;121;123;123;217;2018 IWF World Championships;11.2018
174;W;18;15;16;SMITH Zoe;26.04.1994;GBR;64;63.34;---;92;95;95;117;---;120;120;215;2018 IWF World Championships;11.2018
175;W;19;17;18;VUOHIJOKI Anni Teija Orvokki;24.05.1988;FIN;64;63.80;---;---;95;95;---;115;118;118;213;2018 IWF World Championships;11.2018
176;W;20;19;23;PARK Minkyung;16.12.1996;KOR;64;62.01;90;93;---;93;110;---;115;115;208;2018 IWF World Championships;11.2018
177;W;21;24;21;HALDER Rakhi;06.07.1993;IND;64;63.58;88;92;---;92;116;---;---;116;208;2018 IWF World Championships;11.2018
178;W;22;31;20;ELAM Hunter Nicole;12.08.1995;USA;64;63.72;90;---;---;90;114;---;117;117;207;2018 IWF World Championships;11.2018
179;W;23;32;22;FAYZULLAEVA Kumushkhon;20.01.2002;UZB;64;63.21;90;---;---;90;112;---;116;116;206;2018 IWF World Championships;11.2018
180;W;24;25;25;ELLIOTT Kiana Rose;27.07.1997;AUS;64;62.97;---;92;---;92;110;113;---;113;205;2018 IWF World Championships;11.2018
181;W;25;23;28;MATSUMOTO Namika;07.02.1992;JPN;64;63.63;---;93;---;93;---;109;111;111;204;2018 IWF World Championships;11.2018
182;W;26;34;24;FATTOUH Mahassen Hala;27.08.1989;LBN;64;63.89;86;89;---;89;109;114;---;114;203;2018 IWF World Championships;11.2018
183;W;27;29;26;LEVENT Nuray;08.05.2000;TUR;64;62.90;---;90;---;90;108;112;---;112;202;2018 IWF World Championships;11.2018
184;W;28;33;27;KIM Yera;28.12.1994;KOR;64;63.77;83;86;89;89;105;108;111;111;200;2018 IWF World Championships;11.2018
185;W;29;26;35;SCHWEIZER Lisa Marie;18.07.1995;GER;64;62.89;88;---;91;91;105;108;---;108;199;2018 IWF World Championships;11.2018
186;W;30;21;38;JUNG Beata;02.01.1994;HUN;64;63.80;---;90;93;93;101;105;---;105;198;2018 IWF World Championships;11.2018
187;W;31;27;33;MALONE Philippa Kate;06.08.1989;AUS;64;63.60;90;---;---;90;108;---;---;108;198;2018 IWF World Championships;11.2018
188;W;32;30;34;LESKINEN Saara Sylvia Amanda;30.05.1993;FIN;64;63.61;87;---;90;90;---;108;---;108;198;2018 IWF World Championships;11.2018
189;W;33;28;36;VALODZKA Siuzanna;17.08.2000;BLR;64;61.43;85;90;---;90;103;---;108;108;198;2018 IWF World Championships;11.2018
190;W;34;35;30;GANZORIG Anuujin;11.04.1998;MGL;64;63.72;---;89;---;89;109;---;---;109;198;2018 IWF World Championships;11.2018
191;W;35;20;39;MARTINEZ SANTIAGO Irene;14.09.1993;ESP;64;63.74;90;93;---;93;---;---;104;104;197;2018 IWF World Championships;11.2018
192;W;36;37;29;ADESANMI Oluwatoyin Victoria;10.04.1992;NGR;64;62.93;---;85;---;85;---;110;---;110;195;2018 IWF World Championships;11.2018
193;W;37;36;37;DE GREGORIO LORENZO Ana;01.02.1991;ESP;64;63.60;---;84;87;87;98;103;106;106;193;2018 IWF World Championships;11.2018
194;W;38;38;32;SIEMENS Rachel Anne;14.11.1989;CAN;64;63.15;82;84;---;84;105;---;108;108;192;2018 IWF World Championships;11.2018
195;W;39;39;40;PRETORIUS Mona;12.08.1988;RSA;64;63.81;---;83;---;83;102;---;---;102;185;2018 IWF World Championships;11.2018
196;W;40;41;42;ZAMMIT STEVENS Yasmin;21.04.1993;MLT;64;63.63;80;---;---;80;96;99;---;99;179;2018 IWF World Championships;11.2018
197;W;41;43;41;AKTAR Mabia;07.10.1999;BAN;64;62.84;75;---;79;79;---;100;---;100;179;2018 IWF World Championships;11.2018
198;W;42;42;43;PUDIVITROVA Eliska;25.03.1994;CZE;64;63.58;---;75;79;79;96;---;99;99;178;2018 IWF World Championships;11.2018
199;W;43;40;47;SIGNAL Megan Ann;17.02.1990;NZL;64;62.97;75;79;82;82;95;---;---;95;177;2018 IWF World Championships;11.2018
200;W;44;44;44;FEBRUARY Robyn Shelee;10.06.1990;RSA;64;62.55;74;78;---;78;---;---;99;99;177;2018 IWF World Championships;11.2018
201;W;45;45;45;HORNA Ivana;31.08.1990;SVK;64;63.27;75;78;---;78;---;---;98;98;176;2018 IWF World Championships;11.2018
202;W;46;46;46;FERNEZOVA Eliska;14.09.1999;SVK;64;63.68;---;74;---;74;95;---;---;95;169;2018 IWF World Championships;11.2018
203;W;---;---;31;YOSHIDA Akane;31.05.1994;JPN;64;61.67;---;---;---;---;106;---;109;109;0;2018 IWF World Championships;11.2018
204;W;---;---;---;KIM Hyo Sim;29.03.1994;PRK;64;63.99;---;---;---;---;---;---;---;---;0;2018 IWF World Championships;11.2018
205;M;1;2;1;CHEN Lijun;08.02.1993;CHN;67;66.81;145;150;---;150;178;182;---;182;332;2018 IWF World Championships;11.2018
206;M;2;1;9;HUANG Minhao;21.08.1992;CHN;67;66.87;148;152;---;152;166;171;---;171;323;2018 IWF World Championships;11.2018
207;M;3;3;5;MAYORA PERNIA Julio Ruben;02.09.1996;VEN;67;66.63;144;147;---;147;175;---;---;175;322;2018 IWF World Championships;11.2018
208;M;4;12;2;YOKUBOV Doston;05.04.1995;UZB;67;66.95;135;---;139;139;177;180;---;180;319;2018 IWF World Championships;11.2018
209;M;5;8;3;FIGUEROA MOSQUERA Oscar Albeiro;27.04.1983;COL;67;66.79;140;---;---;140;---;178;---;178;318;2018 IWF World Championships;11.2018
210;M;6;10;6;PAK Jong Ju;14.03.1997;PRK;67;66.69;---;140;---;140;175;---;---;175;315;2018 IWF World Championships;11.2018
211;M;7;11;8;CHKHEIDZE Goga;11.02.1996;GEO;67;66.97;132;136;139;139;164;168;172;172;311;2018 IWF World Championships;11.2018
212;M;8;9;10;DENI;26.07.1989;INA;67;66.71;135;140;---;140;---;170;---;170;310;2018 IWF World Championships;11.2018
213;M;9;19;4;KHARKI Farkhad;20.04.1991;KAZ;67;66.73;126;131;133;133;166;171;175;175;308;2018 IWF World Championships;11.2018
214;M;10;18;7;KINGUE MATAM Bernardin Ledoux;20.05.1990;FRA;67;66.81;134;---;---;134;---;168;173;173;307;2018 IWF World Championships;11.2018
215;M;11;4;18;BRANDHUBER Simon Josef;27.06.1991;GER;67;66.81;138;142;146;146;155;160;---;160;306;2018 IWF World Championships;11.2018
216;M;12;6;13;ZANNI Mirko;16.10.1997;ITA;67;66.27;137;140;---;140;160;165;---;165;305;2018 IWF World Championships;11.2018
217;M;13;14;11;KONNAI Mitsunori;14.03.1996;JPN;67;66.85;132;136;---;136;163;---;167;167;303;2018 IWF World Championships;11.2018
218;M;14;16;14;GROZDEV Stilyan Rosenov;27.07.1999;BUL;67;66.64;130;133;135;135;162;165;---;165;300;2018 IWF World Championships;11.2018
219;M;15;13;17;KHALIBEKOV Feliks;03.02.1990;RUS;67;66.88;133;138;---;138;155;160;---;160;298;2018 IWF World Championships;11.2018
220;M;16;20;15;CHANTRI Witsanu;12.09.1996;THA;67;66.42;131;---;---;131;---;---;165;165;296;2018 IWF World Championships;11.2018
221;M;17;15;19;CASTRO MARINO Victor;18.12.1992;ESP;67;66.92;---;132;135;135;155;---;158;158;293;2018 IWF World Championships;11.2018
222;M;18;22;12;LEE Alex;18.11.1988;USA;67;66.66;127;---;---;127;165;---;---;165;292;2018 IWF World Championships;11.2018
223;M;19;23;16;ATAK Hursit;24.05.1991;TUR;67;66.77;126;---;---;126;---;163;---;163;289;2018 IWF World Championships;11.2018
224;M;20;17;21;HERNANDEZ MENDOZA Acoran Juan;30.12.1990;ESP;67;66.67;130;---;134;134;153;---;---;153;287;2018 IWF World Championships;11.2018
225;M;21;24;20;BARDALEZ TUISIMA Luis David;03.10.1995;PER;67;66.22;120;123;125;125;155;---;---;155;280;2018 IWF World Championships;11.2018
226;M;22;26;23;GARCIA Jeffrey;02.02.1992;PHI;67;66.87;120;---;---;120;---;---;150;150;270;2018 IWF World Championships;11.2018
227;M;23;27;22;SRIRAM Jettarin;17.12.1999;THA;67;66.86;113;117;119;119;140;145;150;150;269;2018 IWF World Championships;11.2018
228;M;24;28;24;ALMAZYADI Nawaf Mohammed S;19.08.2000;KSA;67;65.82;111;---;117;117;146;---;---;146;263;2018 IWF World Championships;11.2018
229;M;25;25;27;KHALILOV Kanan;09.08.1999;AZE;67;66.78;120;---;---;120;---;---;135;135;255;2018 IWF World Championships;11.2018
230;M;26;29;26;GASIMOV Rustam;29.01.2002;AZE;67;63.30;110;---;---;110;135;---;---;135;245;2018 IWF World Championships;11.2018
231;M;---;5;---;MUNOZ MARTINEZ Jonathan Antonio;10.11.1995;MEX;67;66.96;133;138;141;141;---;---;---;---;0;2018 IWF World Championships;11.2018
232;M;---;7;---;LEE Sangyeon;06.03.1995;KOR;67;66.25;140;---;---;140;---;---;---;---;0;2018 IWF World Championships;11.2018
233;M;---;21;---;WISSINGER Jordan Derek;23.04.1997;USA;67;67.00;126;129;---;129;---;---;---;---;0;2018 IWF World Championships;11.2018
234;M;---;---;25;AINOUAZANE Abdelkader;22.09.1994;ALG;67;65.67;---;---;---;---;135;---;140;140;0;2018 IWF World Championships;11.2018
235;W;1;1;1;ZHANG Wangli;27.05.1996;CHN;71;70.10;108;113;115;115;140;148;152;152;267;2018 IWF World Championships;11.2018
236;W;2;3;2;AHMED Sara Samir Elsayed Mohamed;01.01.1998;EGY;71;71.00;105;---;111;111;136;141;---;141;252;2018 IWF World Championships;11.2018
237;W;3;2;7;LIKHACHEVA Nadezda;18.08.1995;KAZ;71;68.40;105;110;112;112;---;130;---;130;242;2018 IWF World Championships;11.2018
238;W;4;4;6;ROMANOVA Anastasiia;02.10.1991;RUS;71;70.49;105;110;---;110;125;130;---;130;240;2018 IWF World Championships;11.2018
239;W;5;5;3;ROGERS Martha Ann;23.08.1995;USA;71;69.87;100;103;105;105;130;133;---;133;238;2018 IWF World Championships;11.2018
240;W;6;7;4;ALWINE Meredith Leigh;08.06.1998;USA;71;70.77;---;98;101;101;128;132;---;132;233;2018 IWF World Championships;11.2018
241;W;7;6;8;SANCHEZ PERINAN MarI Leivis;08.10.1991;COL;71;70.38;103;---;---;103;120;---;125;125;228;2018 IWF World Championships;11.2018
242;W;8;13;9;CANTU IGLESIAS Jennifer Michell;09.04.1996;MEX;71;70.08;92;---;---;92;---;---;124;124;216;2018 IWF World Championships;11.2018
243;W;9;8;11;AKERLUND Charlotte Maria;29.05.1990;SWE;71;69.28;94;97;---;97;113;116;118;118;215;2018 IWF World Championships;11.2018
244;W;10;10;10;STOLYARENKO Yekaterina;16.10.1998;KAZ;71;68.58;90;94;---;94;115;118;---;118;212;2018 IWF World Championships;11.2018
245;W;11;9;16;KADYROVA Gulnabat;14.06.1994;TKM;71;70.80;94;96;---;96;112;---;115;115;211;2018 IWF World Championships;11.2018
246;W;12;11;13;KIM Suhyeon;06.02.1995;KOR;71;70.36;90;93;---;93;---;116;---;116;209;2018 IWF World Championships;11.2018
247;W;13;12;15;LIU Lan-Yin;24.01.1992;TPE;71;69.02;90;93;---;93;110;---;115;115;208;2018 IWF World Championships;11.2018
248;W;14;15;12;MITSUKE Eri;30.10.1992;JPN;71;69.71;---;90;---;90;113;115;117;117;207;2018 IWF World Championships;11.2018
249;W;15;16;14;MACROHON Kristel;02.09.1996;PHI;71;69.73;---;85;90;90;110;115;---;115;205;2018 IWF World Championships;11.2018
250;W;16;21;17;ALTUN Berfin;01.11.1999;TUR;71;66.97;---;87;---;87;109;114;---;114;201;2018 IWF World Championships;11.2018
251;W;17;19;18;KOURTELIDOU Eleni;14.04.1985;GRE;71;70.99;85;---;88;88;105;108;111;111;199;2018 IWF World Championships;11.2018
252;W;18;14;20;WIOR Jolanta Malgorzata;22.09.1995;POL;71;70.59;90;---;---;90;108;---;---;108;198;2018 IWF World Championships;11.2018
253;W;19;22;19;GYURJYAN Liana;13.06.2002;ARM;71;70.24;---;85;---;85;105;---;110;110;195;2018 IWF World Championships;11.2018
254;W;20;20;21;MIKHALENKA Anastasiya;08.12.1995;BLR;71;67.28;83;87;---;87;107;---;---;107;194;2018 IWF World Championships;11.2018
255;W;21;17;22;OTGONBAYAR Darkhijav;09.02.2000;MGL;71;70.41;82;86;89;89;100;---;---;100;189;2018 IWF World Championships;11.2018
256;W;22;18;23;HERTLOVA Simona;04.03.1993;CZE;71;69.11;85;88;---;88;100;---;---;100;188;2018 IWF World Championships;11.2018
257;W;23;24;24;OHMAN Marina;02.01.1983;ISR;71;66.72;---;83;---;83;95;99;---;99;182;2018 IWF World Championships;11.2018
258;W;24;23;26;SIGMUNDSDOTTIR Ragnheidur Sara;12.09.1992;ISL;71;70.96;80;84;---;84;95;---;---;95;179;2018 IWF World Championships;11.2018
259;W;25;26;25;WAELCHLI Alessia Joy;08.09.1993;SUI;71;67.96;---;78;---;78;---;---;98;98;176;2018 IWF World Championships;11.2018
260;W;26;25;27;PEDERSEN Mette Fasmila;03.12.1993;DEN;71;69.76;---;---;80;80;---;95;---;95;175;2018 IWF World Championships;11.2018
261;W;---;---;5;STRENIUS Patricia Caroline;23.11.1989;SWE;71;70.66;---;---;---;---;125;128;131;131;0;2018 IWF World Championships;11.2018
262;M;1;1;1;SHI Zhiyong;10.10.1993;CHN;73;72.81;158;161;164;164;188;196;---;196;360;2018 IWF World Championships;11.2018
263;M;2;6;2;WON Jeongsik;09.12.1990;KOR;73;72.57;145;150;153;153;180;190;195;195;348;2018 IWF World Championships;11.2018
264;M;3;2;5;LIKHARAD Vadzim;06.09.1993;BLR;73;72.79;151;156;---;156;180;184;187;187;343;2018 IWF World Championships;11.2018
265;M;4;4;4;RI Chong Song;31.05.1997;PRK;73;72.82;150;---;155;155;182;187;---;187;342;2018 IWF World Championships;11.2018
266;M;5;5;9;O Kang Chol;16.09.1993;PRK;73;72.77;148;152;154;154;---;185;---;185;339;2018 IWF World Championships;11.2018
267;M;6;7;7;CALJA Briken;19.02.1990;ALB;73;72.89;148;153;---;153;181;186;---;186;339;2018 IWF World Championships;11.2018
268;M;7;10;8;BEN HNIA Karem;13.11.1994;TUN;73;72.21;146;151;---;151;180;---;186;186;337;2018 IWF World Championships;11.2018
269;M;8;13;3;RAHIMOV Nijat;13.08.1993;KAZ;73;72.82;---;147;---;147;185;190;---;190;337;2018 IWF World Championships;11.2018
270;M;9;8;11;ANDREEV Bozhidar Dimitrov;17.01.1997;BUL;73;72.73;145;150;153;153;182;---;---;182;335;2018 IWF World Championships;11.2018
271;M;10;12;6;CUMMINGS JR Clarence;06.06.2000;USA;73;72.88;140;145;148;148;181;---;187;187;335;2018 IWF World Championships;11.2018
272;M;11;9;12;PETROV Sergei;17.02.1994;RUS;73;72.24;143;148;152;152;173;178;181;181;333;2018 IWF World Championships;11.2018
273;M;12;11;10;MIYAMOTO Masanori;03.02.1997;JPN;73;71.51;141;146;149;149;173;178;182;182;331;2018 IWF World Championships;11.2018
274;M;13;3;18;FENG Lyudong;23.10.1991;CHN;73;72.73;---;155;---;155;175;---;---;175;330;2018 IWF World Championships;11.2018
275;M;14;16;13;TRIYATNO;20.12.1987;INA;73;72.84;140;145;---;145;180;---;---;180;325;2018 IWF World Championships;11.2018
276;M;15;14;16;SANCHEZ LOPEZ David;20.07.1994;ESP;73;73.00;---;142;146;146;172;177;---;177;323;2018 IWF World Championships;11.2018
277;M;16;19;14;AL HUMAYD Mahmoud Mohammed S;05.09.1993;KSA;73;72.93;139;143;---;143;175;180;---;180;323;2018 IWF World Championships;11.2018
278;M;17;17;17;BUNSUK Tairat;11.01.1993;THA;73;72.55;142;145;---;145;---;177;---;177;322;2018 IWF World Championships;11.2018
279;M;18;18;15;IBRAHIM Moustafa Wahid Shaaban;01.12.1996;EGY;73;72.98;139;142;144;144;---;178;---;178;322;2018 IWF World Championships;11.2018
280;M;19;15;19;SOLTANI Hossein;02.12.1999;IRI;73;72.95;142;146;---;146;174;---;---;174;320;2018 IWF World Championships;11.2018
281;M;20;20;22;ABDULLAH Rahmat Erwin;13.10.2000;INA;73;72.06;135;---;141;141;162;168;171;171;312;2018 IWF World Championships;11.2018
282;M;21;21;24;MEREDOV Maksad;23.06.2000;TKM;73;72.52;---;---;140;140;170;---;---;170;310;2018 IWF World Championships;11.2018
283;M;22;24;20;CHUANG Sheng-Min;10.07.1998;TPE;73;72.58;132;137;---;137;164;168;172;172;309;2018 IWF World Championships;11.2018
284;M;23;31;25;IOROI Masakazu;12.11.1985;JPN;73;72.89;135;---;---;135;165;---;170;170;305;2018 IWF World Championships;11.2018
285;M;24;29;26;CARDENAS ESTRADA Jorge Adan;21.04.1997;MEX;73;72.88;130;135;---;135;160;165;169;169;304;2018 IWF World Championships;11.2018
286;M;25;32;21;JOACHIM Robert Friedrich;13.01.1987;GER;73;72.55;128;133;---;133;163;167;171;171;304;2018 IWF World Championships;11.2018
287;M;26;26;28;PETROV Petr;19.10.1989;CZE;73;71.98;131;134;137;137;162;---;166;166;303;2018 IWF World Championships;11.2018
288;M;27;27;30;KRING Tim;16.09.1990;DEN;73;72.36;137;---;---;137;165;---;---;165;302;2018 IWF World Championships;11.2018
289;M;28;28;27;SHEULI Achinta;24.11.2001;IND;73;72.95;130;---;135;135;159;163;166;166;301;2018 IWF World Championships;11.2018
290;M;29;22;31;TOSHTEMIROV Mukhammadkodir;17.09.2001;UZB;73;71.96;133;138;---;138;156;162;---;162;300;2018 IWF World Championships;11.2018
291;M;30;23;34;ILHAN Ramazan;20.12.1998;TUR;73;68.92;134;138;---;138;156;160;---;160;298;2018 IWF World Championships;11.2018
292;M;31;35;23;SANCHEZ VELEZ Jorge Jesus;04.11.1998;PUR;73;72.31;128;---;---;128;170;---;---;170;298;2018 IWF World Championships;11.2018
293;M;32;33;29;HAMEED Mohammed Qaddoori Hameed;30.05.1994;IRQ;73;72.22;132;---;---;132;165;---;---;165;297;2018 IWF World Championships;11.2018
294;M;33;30;32;OKYAY Ahmet Turan;06.05.1996;TUR;73;71.81;131;135;---;135;156;161;---;161;296;2018 IWF World Championships;11.2018
295;M;34;25;35;ROBU Marin;19.03.2000;MDA;73;71.70;133;137;---;137;---;158;---;158;295;2018 IWF World Championships;11.2018
296;M;35;34;36;IBRAHIMLI Pasha;18.06.1995;AZE;73;70.00;126;131;---;131;150;---;156;156;287;2018 IWF World Championships;11.2018
297;M;36;36;33;WAKELING Brandon Dean;02.02.1994;AUS;73;72.36;115;120;125;125;155;160;---;160;285;2018 IWF World Championships;11.2018
298;M;37;37;37;ALIYEV Fugan;20.01.2001;AZE;73;70.60;---;115;118;118;140;147;152;152;270;2018 IWF World Championships;11.2018
299;M;38;38;38;SHUSHU Otsile Greg;20.08.1980;RSA;73;70.72;117;---;---;117;---;150;---;150;267;2018 IWF World Championships;11.2018
300;M;---;---;---;LUNA-GRENIER Francis;24.05.1987;CAN;73;72.36;---;---;---;---;---;---;---;---;0;2018 IWF World Championships;11.2018
301;M;---;---;---;CERCIZ Arberi;28.04.1997;ALB;73;72.77;---;---;---;---;---;---;---;---;0;2018 IWF World Championships;11.2018
302;M;---;---;---;MOSQUERA LOZANO Luis Javier;27.03.1995;COL;73;71.45;---;---;---;---;---;---;---;---;0;2018 IWF World Championships;11.2018
303;W;1;2;1;WANG Zhouyu;13.05.1994;CHN;76;75.71;113;118;---;118;140;146;152;152;270;2018 IWF World Championships;11.2018
304;W;2;1;2;RIM Jong Sim;05.02.1993;PRK;76;75.29;115;119;---;119;145;150;---;150;269;2018 IWF World Championships;11.2018
305;W;3;3;4;DAJOMES BARRERA Neisi Patricia;12.05.1998;ECU;76;75.57;111;115;117;117;137;142;---;142;259;2018 IWF World Championships;11.2018
306;W;4;5;3;SOLIS ARBOLEDA Leidy Yessenia;17.02.1990;COL;76;75.60;---;110;---;110;142;146;---;146;256;2018 IWF World Championships;11.2018
307;W;5;4;5;FUENTES ZAVALA Aremi;23.05.1993;MEX;76;75.80;110;---;---;110;132;---;137;137;247;2018 IWF World Championships;11.2018
308;W;6;6;6;NAYO KETCHANKE Gaelle Verlaine;20.04.1988;FRA;76;75.64;101;105;107;107;130;136;---;136;243;2018 IWF World Championships;11.2018
309;W;7;7;9;KAMIYA Ayumi;28.03.1992;JPN;76;75.60;100;102;104;104;118;---;121;121;225;2018 IWF World Championships;11.2018
310;W;8;11;7;NGARLEM Kristel;20.07.1995;CAN;76;75.20;---;95;---;95;120;124;128;128;223;2018 IWF World Championships;11.2018
311;W;9;9;8;BEAUCHEMIN-NADEAU Marie-Eve;13.10.1988;CAN;76;75.94;92;96;---;96;120;124;---;124;220;2018 IWF World Championships;11.2018
312;W;10;8;13;WIEJAK Malgorzata Antonina;05.05.1992;POL;76;75.57;97;---;---;97;117;---;---;117;214;2018 IWF World Championships;11.2018
313;W;11;10;11;TABEL Tabea Hannah;21.10.1996;GER;76;74.92;90;95;---;95;115;118;---;118;213;2018 IWF World Championships;11.2018
314;W;12;16;10;BYKOVA Yekaterina;13.11.1997;KAZ;76;71.45;88;91;---;91;116;119;---;119;210;2018 IWF World Championships;11.2018
315;W;13;12;14;ILMARINEN Meri Tuuli Linnea;04.06.1991;FIN;76;75.17;94;---;---;94;116;---;---;116;210;2018 IWF World Championships;11.2018
316;W;14;14;12;OTUNLA Bilikis Abiodun;12.06.1994;NGR;76;75.58;85;---;92;92;113;117;---;117;209;2018 IWF World Championships;11.2018
317;W;15;15;16;JAEGGI Nora;16.04.1995;SUI;76;73.79;87;90;92;92;109;112;115;115;207;2018 IWF World Championships;11.2018
318;W;16;13;17;CHEN En-Tzu;12.11.1999;TPE;76;75.45;88;91;93;93;107;110;---;110;203;2018 IWF World Championships;11.2018
319;W;17;17;15;SENICOVA Nikola;27.05.2000;SVK;76;75.45;---;85;---;85;105;110;115;115;200;2018 IWF World Championships;11.2018
320;M;1;2;2;LYU Xiaojun;27.07.1984;CHN;81;80.41;165;---;172;172;197;202;---;202;374;2018 IWF World Championships;11.2018
321;W;1;1;3;VALENTIN PEREZ Lidia;10.02.1985;ESP;81;79.13;108;110;113;113;130;---;136;136;249;2018 IWF World Championships;11.2018
322;M;2;1;3;MAHMOUD Mohamed Ihab Youssef Ahmed;21.11.1989;EGY;81;80.72;165;170;173;173;196;200;---;200;373;2018 IWF World Championships;11.2018
323;W;2;3;1;NAUMAVA Darya;26.08.1995;BLR;81;77.89;100;105;108;108;130;135;137;137;245;2018 IWF World Championships;11.2018
324;M;3;3;1;LI Dayin;12.02.1998;CHN;81;80.81;163;168;---;168;193;198;204;204;372;2018 IWF World Championships;11.2018
325;W;3;5;2;SALAZAR ARCE Tamara Yajaira;09.08.1997;ECU;81;78.93;101;105;---;105;133;---;137;137;242;2018 IWF World Championships;11.2018
326;M;4;5;5;REJEPOV Rejepbay;23.02.1992;TKM;81;80.74;160;---;166;166;---;197;---;197;363;2018 IWF World Championships;11.2018
327;W;4;4;4;ARTHUR Jenny Lyvette;11.12.1993;USA;81;78.48;102;104;106;106;130;135;---;135;241;2018 IWF World Championships;11.2018
328;M;5;4;10;ASAYONAK Petr;27.02.1993;BLR;81;80.65;161;---;167;167;---;190;---;190;357;2018 IWF World Championships;11.2018
329;W;5;8;5;CHIRINOS LEON Dayana Aracelis;04.10.1991;VEN;81;79.30;100;---;---;100;125;131;---;131;231;2018 IWF World Championships;11.2018
330;M;6;7;4;MAURUS Harrison James;26.02.2000;USA;81;80.31;150;154;157;157;191;195;200;200;357;2018 IWF World Championships;11.2018
331;W;6;6;10;DEKHA Iryna;14.05.1996;UKR;81;76.61;98;101;103;103;117;121;123;123;226;2018 IWF World Championships;11.2018
332;M;7;9;6;MUELLER Nico;02.11.1993;GER;81;80.71;148;153;156;156;187;192;---;192;348;2018 IWF World Championships;11.2018
333;W;7;15;6;TORRES WONG Anacarmen;27.11.1995;MEX;81;76.45;93;96;---;96;125;130;---;130;226;2018 IWF World Championships;11.2018
334;M;8;11;9;ALJUMAILI Safaa Rashid Mahmood;01.01.1990;IRQ;81;80.99;150;---;155;155;191;---;---;191;346;2018 IWF World Championships;11.2018
335;W;8;14;7;GARZA GARZA Alejandra;01.08.1991;MEX;81;79.10;95;98;---;98;124;---;127;127;225;2018 IWF World Championships;11.2018
336;M;9;15;7;MONTES HURTADO Hugo Fernando;29.01.1990;COL;81;80.54;---;154;---;154;185;191;---;191;345;2018 IWF World Championships;11.2018
337;W;9;2;16;MESHITKHANOVA Raushan;24.11.1995;KAZ;81;79.79;100;105;108;108;---;115;---;115;223;2018 IWF World Championships;11.2018
338;M;10;12;8;MATA PEREZ Andres Eduardo;11.11.1992;ESP;81;80.40;150;154;---;154;184;187;191;191;345;2018 IWF World Championships;11.2018
339;W;10;9;9;MUN Minhee;07.07.1995;KOR;81;76.55;100;---;---;100;115;116;123;123;223;2018 IWF World Championships;11.2018
340;M;11;6;15;SUHAREVS Ritvars;11.01.1999;LAT;81;80.75;153;---;159;159;---;185;---;185;344;2018 IWF World Championships;11.2018
341;W;11;7;13;KHAIPANDUNG Siriyakorn;27.08.1999;THA;81;77.10;97;101;---;101;117;120;---;120;221;2018 IWF World Championships;11.2018
342;M;12;14;14;LANG Max Richard;06.12.1992;GER;81;80.74;150;154;---;154;180;185;---;185;339;2018 IWF World Championships;11.2018
343;W;12;11;11;VANBELLINGHEN Anna Marie-J A M;10.03.1994;BEL;81;80.10;---;98;---;98;117;120;122;122;220;2018 IWF World Championships;11.2018
344;M;13;16;16;LA O GARCIA Addriel;10.02.1992;CUB;81;80.43;148;153;---;153;---;180;185;185;338;2018 IWF World Championships;11.2018
345;W;13;13;12;TOYCHYYEVA Aysoltan;29.05.1996;TKM;81;79.95;91;95;98;98;118;---;121;121;219;2018 IWF World Championships;11.2018
346;M;14;25;11;LOZKA Ihar;02.12.1999;BLR;81;79.58;140;145;148;148;180;188;---;188;336;2018 IWF World Championships;11.2018
347;W;14;10;15;JABBOROVA Tursunoy;04.03.2002;UZB;81;77.84;93;96;99;99;115;119;---;119;218;2018 IWF World Championships;11.2018
348;M;15;13;20;BALZA GARCIA Renson Rafael;09.08.1987;VEN;81;80.59;150;154;---;154;182;---;---;182;336;2018 IWF World Championships;11.2018
349;W;15;12;14;CILCIC Elena;03.06.1996;MDA;81;76.50;90;95;98;98;114;119;---;119;217;2018 IWF World Championships;11.2018
350;M;16;23;17;BEYTULA Yunder Nedim;09.01.1992;BUL;81;80.70;143;---;149;149;183;---;---;183;332;2018 IWF World Championships;11.2018
351;W;16;16;8;NARIN Dilara;17.03.2002;TUR;81;76.71;90;93;---;93;115;123;---;123;216;2018 IWF World Championships;11.2018
352;M;17;20;21;UNANYAN Razmik;05.02.1994;RUS;81;80.95;143;147;150;150;175;181;---;181;331;2018 IWF World Championships;11.2018
353;W;17;17;17;TRETIACOVA Ecaterina;22.12.1996;MDA;81;76.31;87;91;93;93;107;111;114;114;207;2018 IWF World Championships;11.2018
354;M;18;27;18;SAEZ VERA Olfides;24.09.1994;CUB;81;80.74;---;148;---;148;---;---;183;183;331;2018 IWF World Championships;11.2018
355;W;18;18;18;UCAN Dilara;15.04.2002;TUR;81;76.06;80;---;84;84;100;103;106;106;190;2018 IWF World Championships;11.2018
356;M;19;31;12;KAZOV Aidar;21.02.1995;KAZ;81;80.87;145;---;---;145;186;---;---;186;331;2018 IWF World Championships;11.2018
357;W;19;19;19;ERDENEBAT Bilegsaikhan;16.09.1998;MGL;81;80.89;83;---;---;83;99;103;105;105;188;2018 IWF World Championships;11.2018
358;M;20;17;26;BELLEMARRE Alex;22.06.1998;CAN;81;80.49;148;152;---;152;174;178;---;178;330;2018 IWF World Championships;11.2018
359;W;20;21;20;SKLENICKOVA Michaela;07.05.1992;CZE;81;76.99;77;80;83;83;98;102;---;102;185;2018 IWF World Championships;11.2018
360;M;21;30;13;AL-HUSSEIN Ahmed Farooq Ghulam;15.08.1990;IRQ;81;78.98;141;---;145;145;180;185;---;185;330;2018 IWF World Championships;11.2018
361;W;21;20;21;CUPID Rayen Selina Solaire;17.09.1985;VIN;81;76.75;83;---;---;83;---;---;101;101;184;2018 IWF World Championships;11.2018
362;M;22;21;23;GETTS Victor;24.02.1994;RUS;81;80.47;150;---;---;150;180;---;---;180;330;2018 IWF World Championships;11.2018
363;M;23;22;24;QERIMAJ Erkand;10.08.1988;ALB;81;80.60;---;150;---;150;180;---;---;180;330;2018 IWF World Championships;11.2018
364;M;24;26;25;KONOTOP Ihor;21.07.1995;UKR;81;80.02;---;145;148;148;179;---;---;179;327;2018 IWF World Championships;11.2018
365;M;25;19;29;YOU Jaesik;21.04.1996;KOR;81;80.79;145;150;---;150;175;---;---;175;325;2018 IWF World Championships;11.2018
366;M;26;24;31;SINGH Ajay;17.04.1997;IND;81;80.88;143;---;148;148;---;174;---;174;322;2018 IWF World Championships;11.2018
367;M;27;38;22;KASAI Takehiro;12.11.1993;JPN;81;79.88;---;140;---;140;---;---;181;181;321;2018 IWF World Championships;11.2018
368;M;28;29;30;TKAC Richard;24.05.1985;SVK;81;80.85;138;142;145;145;171;---;175;175;320;2018 IWF World Championships;11.2018
369;M;29;33;28;OLIVER Jack Simon;04.01.1991;GBR;81;80.40;138;---;143;143;168;172;176;176;319;2018 IWF World Championships;11.2018
370;M;30;40;19;SAMKO Karol;09.03.1990;SVK;81;80.79;137;---;---;137;---;182;---;182;319;2018 IWF World Championships;11.2018
371;M;31;37;27;LOPEZ FARIAS Bastian Andres;26.09.1995;CHI;81;80.53;132;136;140;140;170;177;---;177;317;2018 IWF World Championships;11.2018
372;M;32;28;36;ASHYROV Dayanch;30.03.1994;TKM;81;80.92;142;---;147;147;170;---;---;170;317;2018 IWF World Championships;11.2018
373;M;33;32;33;LOBSI Pornchai;16.07.1990;THA;81;79.41;135;140;143;143;165;170;173;173;316;2018 IWF World Championships;11.2018
374;M;34;35;34;CHIANG Tsung-Han;27.07.1996;TPE;81;79.60;139;142;---;142;173;---;---;173;315;2018 IWF World Championships;11.2018
375;M;35;36;32;ALAM Omed;20.05.1999;DEN;81;79.76;135;139;141;141;165;170;174;174;315;2018 IWF World Championships;11.2018
376;M;36;39;37;BROWN Sean Kevin;03.06.1991;IRL;81;80.62;138;---;---;138;160;167;---;167;305;2018 IWF World Championships;11.2018
377;M;37;43;35;ALIGULIYEV Kanan;12.02.1998;AZE;81;79.18;125;---;130;130;160;165;170;170;300;2018 IWF World Championships;11.2018
378;M;38;44;38;KONGAS Sami Joonas;18.02.1990;FIN;81;80.90;125;128;---;128;160;163;---;163;291;2018 IWF World Championships;11.2018
379;M;39;45;40;DU PLOOY Lyle William Henry;02.08.1988;RSA;81;80.38;120;---;---;120;140;---;---;140;260;2018 IWF World Championships;11.2018
380;M;40;46;39;JONSSON Einar Ingi;15.02.1996;ISL;81;74.87;107;111;---;111;140;---;---;140;251;2018 IWF World Championships;11.2018
381;M;41;47;41;KRASNIQI Arbnor;14.10.1994;KOS;81;80.37;102;105;---;105;130;---;---;130;235;2018 IWF World Championships;11.2018
382;M;42;48;42;ALBREIKI Hamad Mahkoom Theyab Rashed;09.04.2003;UAE;81;74.98;60;65;---;65;75;---;85;85;150;2018 IWF World Championships;11.2018
383;M;---;8;---;KIM Woo Jae;26.09.1991;KOR;81;80.51;---;156;---;156;---;---;---;---;0;2018 IWF World Championships;11.2018
384;M;---;10;---;GODELLI Daniel;10.01.1992;ALB;81;80.52;156;---;---;156;---;---;---;---;0;2018 IWF World Championships;11.2018
385;M;---;18;---;ZWARYCZ Krzysztof Maciej;13.12.1990;POL;81;80.93;152;---;---;152;---;---;---;---;0;2018 IWF World Championships;11.2018
386;M;---;34;---;FERNANDEZ GARCIA Alberto;20.11.1997;ESP;81;80.61;143;---;---;143;---;---;---;---;0;2018 IWF World Championships;11.2018
387;M;---;41;---;MUSIC Amar;21.03.1987;CRO;81;81.00;---;135;---;135;---;---;---;---;0;2018 IWF World Championships;11.2018
388;M;---;42;---;CHERTKOV Daniel;02.10.1997;ISR;81;80.32;135;---;---;135;---;---;---;---;0;2018 IWF World Championships;11.2018
389;M;---;---;---;KARAPETYAN Andranik;15.12.1995;ARM;81;80.61;---;---;---;---;---;---;---;---;0;2018 IWF World Championships;11.2018
390;M;---;---;---;MARKOV Ivan Markov;14.09.1988;BUL;81;80.34;---;---;---;---;---;---;---;---;0;2018 IWF World Championships;11.2018
391;W;---;---;---;HAKOBYAN Tatev;21.03.1996;ARM;81;80.77;---;---;---;---;---;---;---;---;0;2018 IWF World Championships;11.2018
392;W;1;1;2;AO Hui;20.04.1997;CHN;87;85.81;110;114;117;117;142;148;151;151;268;2018 IWF World Championships;11.2018
393;W;2;3;1;KIM Un Ju;11.11.1989;PRK;87;86.60;108;111;---;111;145;150;152;152;263;2018 IWF World Championships;11.2018
394;W;3;2;5;SANTANA PEGUERO Crismery Dominga;20.04.1995;DOM;87;86.84;110;113;116;116;---;---;138;138;254;2018 IWF World Championships;11.2018
395;W;4;5;3;VALDES PARIS Maria Fernanda;17.03.1992;CHI;87;86.59;108;110;---;110;137;139;140;140;250;2018 IWF World Championships;11.2018
396;W;5;4;4;PEREZ REVERON Naryury Alexandra;29.09.1992;VEN;87;86.56;105;109;111;111;133;---;138;138;249;2018 IWF World Championships;11.2018
397;W;6;7;6;MSTIEVA Diana;25.11.1994;RUS;87;86.83;103;108;---;108;126;133;136;136;244;2018 IWF World Championships;11.2018
398;W;7;6;7;NIEVE ARROYO Oliba Seledina;25.11.1977;ECU;87;86.24;103;106;109;109;128;---;132;132;241;2018 IWF World Championships;11.2018
399;W;8;8;8;PASKHINA Kseniia;19.11.1994;RUS;87;86.88;100;104;107;107;---;126;---;126;233;2018 IWF World Championships;11.2018
400;W;9;12;10;KACZMARCZYK Kinga;10.07.1997;POL;87;86.49;93;96;98;98;---;123;---;123;221;2018 IWF World Championships;11.2018
401;W;10;10;12;FASSINA Kaitlyn Jade Judges;17.07.1990;AUS;87;86.37;97;---;100;100;117;120;---;120;220;2018 IWF World Championships;11.2018
402;W;11;15;9;RODRIGUEZ MIRANDA Keyshla Ivette;15.11.1991;PUR;87;86.30;---;---;93;93;113;118;123;123;216;2018 IWF World Championships;11.2018
403;W;12;11;14;MAGAT Krisztina;02.03.1989;HUN;87;86.20;94;98;---;98;---;117;---;117;215;2018 IWF World Championships;11.2018
404;W;13;14;13;DAVRONOVA Dolera;03.11.2001;UZB;87;86.48;88;91;93;93;118;---;---;118;211;2018 IWF World Championships;11.2018
405;W;14;16;11;VENNEKILDE Marie Louise;03.01.1986;DEN;87;86.93;90;---;---;90;111;116;121;121;211;2018 IWF World Championships;11.2018
406;W;15;13;15;BOYNUEGRI Tugce;12.10.1998;TUR;87;85.35;93;95;---;95;110;115;---;115;210;2018 IWF World Championships;11.2018
407;W;---;9;---;SHIMAMOTO Mami;24.09.1987;JPN;87;86.68;98;102;---;102;---;---;---;---;0;2018 IWF World Championships;11.2018
408;M;1;8;1;OKULOV Artem;05.05.1994;RUS;89;88.44;161;166;---;166;202;206;---;206;372;2018 IWF World Championships;11.2018
409;M;2;2;6;KHADASEVICH Pavel;16.07.1993;BLR;89;88.51;163;---;169;169;194;198;202;202;371;2018 IWF World Championships;11.2018
410;M;3;4;5;DAVITADZE Revaz;16.10.1998;GEO;89;86.63;163;---;168;168;---;194;203;203;371;2018 IWF World Championships;11.2018
411;M;4;5;4;RODALLEGAS CARVAJAL Brayan Santiago;15.11.1997;COL;89;86.62;---;160;167;167;193;196;203;203;370;2018 IWF World Championships;11.2018
412;M;5;1;7;MENDEZ PEREZ Arley;31.12.1993;CHI;89;88.75;160;---;169;169;190;200;---;200;369;2018 IWF World Championships;11.2018
413;M;6;10;3;VALLENILLA SANCHEZ Keydomar Giovanni;08.10.1999;VEN;89;88.32;160;165;---;165;195;201;204;204;369;2018 IWF World Championships;11.2018
414;M;7;14;2;MKRTCHYAN Hakob;08.03.1997;ARM;89;88.84;---;160;---;160;205;---;---;205;365;2018 IWF World Championships;11.2018
415;M;8;3;13;MORENO TORRES Jhor Esneider;02.10.1995;COL;89;87.00;160;165;168;168;---;195;---;195;363;2018 IWF World Championships;11.2018
416;M;9;11;8;YAMAMOTO Toshiki;08.09.1991;JPN;89;88.85;155;160;163;163;190;199;---;199;362;2018 IWF World Championships;11.2018
417;M;10;7;12;JANG Yeonhak;14.02.1997;KOR;89;88.00;161;164;166;166;---;190;195;195;361;2018 IWF World Championships;11.2018
418;M;11;13;9;AL-HASHIMI Raad Ameen Yasir;01.11.1990;IRQ;89;88.70;153;160;---;160;193;---;198;198;358;2018 IWF World Championships;11.2018
419;M;12;15;11;KHAKI BAKHTIARVAND Aref;24.12.1998;IRI;89;88.23;150;155;158;158;---;190;195;195;353;2018 IWF World Championships;11.2018
420;M;13;18;10;SHORAJ Krenar;15.01.1992;ALB;89;86.36;153;156;---;156;192;197;---;197;353;2018 IWF World Championships;11.2018
421;M;14;12;15;ULANOV Denis;28.10.1993;KAZ;89;85.39;155;160;---;160;---;192;---;192;352;2018 IWF World Championships;11.2018
422;M;15;9;20;USAROV Sunnatilla;08.07.1996;UZB;89;89.00;155;160;165;165;---;185;---;185;350;2018 IWF World Championships;11.2018
423;M;16;20;17;CANTRELL Jordan Warren;16.08.1996;USA;89;88.90;---;155;---;155;185;190;---;190;345;2018 IWF World Championships;11.2018
424;M;17;22;14;BONNAT MICHEL Zacarias;27.02.1996;DOM;89;88.32;153;---;---;153;---;192;---;192;345;2018 IWF World Championships;11.2018
425;M;18;16;18;SIDAKOV Georgiq Vladimirov;19.11.1993;RUS;89;87.65;149;154;157;157;177;185;---;185;342;2018 IWF World Championships;11.2018
426;M;19;24;16;KULIK Pawel;29.04.1996;POL;89;88.89;146;150;---;150;185;190;---;190;340;2018 IWF World Championships;11.2018
427;M;20;17;25;MAKHAMADAMINOV Zaynobiddin;26.04.1999;UZB;89;86.25;150;---;156;156;170;175;---;175;331;2018 IWF World Championships;11.2018
428;M;21;19;24;TAWNOK Banyat;09.09.1994;THA;89;88.56;147;152;155;155;170;175;---;175;330;2018 IWF World Championships;11.2018
429;M;22;26;19;OPELOGE Don;13.05.1999;SAM;89;88.34;142;---;---;142;180;185;---;185;327;2018 IWF World Championships;11.2018
430;M;23;23;23;SAMAYOA David Vincent;09.07.1992;CAN;89;87.39;146;150;---;150;176;---;---;176;326;2018 IWF World Championships;11.2018
431;M;24;25;26;KACINSKAS Irmantas;23.02.1992;LTU;89;88.52;143;148;---;148;170;174;---;174;322;2018 IWF World Championships;11.2018
432;M;25;28;21;HERNANDEZ MARTINEZ Alexander;28.01.1990;PUR;89;85.45;---;140;---;140;175;---;181;181;321;2018 IWF World Championships;11.2018
433;M;26;27;22;CIOBANU Tudor;27.02.1999;MDA;89;86.90;140;---;---;140;180;---;---;180;320;2018 IWF World Championships;11.2018
434;M;27;29;27;FERNANDEZ LUGO Adolfo Alejandro;30.11.1998;MEX;89;85.84;135;139;---;139;155;160;165;165;304;2018 IWF World Championships;11.2018
435;M;28;30;28;BABAYEV Tarmenkhan;08.01.2002;AZE;89;85.85;130;135;---;135;160;---;---;160;295;2018 IWF World Championships;11.2018
436;M;---;6;---;MUDREUSKI Maksim;22.04.1994;BLR;89;88.66;161;167;---;167;---;---;---;---;0;2018 IWF World Championships;11.2018
437;M;---;21;---;ALI Ahmed Sayed Ashour;10.01.1999;EGY;89;88.81;155;---;---;155;---;---;---;---;0;2018 IWF World Championships;11.2018
438;M;1;1;1;MORADI Sohrab;22.09.1988;IRI;96;95.94;181;---;186;186;223;230;---;230;416;2018 IWF World Championships;11.2018
439;M;2;2;2;TIAN Tao;08.04.1994;CHN;96;94.44;175;---;181;181;215;226;---;226;407;2018 IWF World Championships;11.2018
440;M;3;5;4;ONICA Nicolae;24.06.1993;ROU;96;95.22;170;175;---;175;216;---;---;216;391;2018 IWF World Championships;11.2018
441;M;4;3;7;TSIKHANTSOU Yauheni;04.11.1998;BLR;96;94.13;173;180;---;180;210;---;---;210;390;2018 IWF World Championships;11.2018
442;M;5;9;3;ELBAKH Fares Ibrahim E. H.;04.06.1998;QAT;96;95.22;171;---;---;171;---;217;---;217;388;2018 IWF World Championships;11.2018
443;M;6;8;5;SUMPRADIT Sarat;17.04.1994;THA;96;93.88;165;170;173;173;200;206;211;211;384;2018 IWF World Championships;11.2018
444;M;7;6;9;SANTAVY Boady Robert;22.05.1997;CAN;96;91.81;171;175;---;175;203;208;---;208;383;2018 IWF World Championships;11.2018
445;M;8;7;11;PLIESNOI Anton;17.09.1996;GEO;96;93.99;167;173;---;173;198;206;---;206;379;2018 IWF World Championships;11.2018
446;M;9;13;8;KLIMONOV Egor;24.08.1992;RUS;96;95.61;162;167;168;168;205;210;---;210;378;2018 IWF World Championships;11.2018
447;M;10;4;14;RIVAS MOSQUERA Jhonatan;11.07.1998;COL;96;94.83;171;176;---;176;---;---;201;201;377;2018 IWF World Championships;11.2018
448;M;11;15;6;SYBAY Rustem;25.06.1993;KAZ;96;95.36;---;165;---;165;---;206;211;211;376;2018 IWF World Championships;11.2018
449;M;12;14;10;HOGHOUGHIOSGOUEI Amir;17.02.1994;IRI;96;95.29;161;167;---;167;201;207;---;207;374;2018 IWF World Championships;11.2018
450;M;13;10;16;VELI Serafim;28.11.1986;BRA;96;95.36;160;166;170;170;194;200;---;200;370;2018 IWF World Championships;11.2018
451;M;14;11;22;HOZA Volodymyr;15.04.1996;UKR;96;95.82;163;167;170;170;193;---;---;193;363;2018 IWF World Championships;11.2018
452;M;15;12;20;CHEN Po-Jen;11.05.1998;TPE;96;95.51;160;165;168;168;190;195;---;195;363;2018 IWF World Championships;11.2018
453;M;16;16;12;ARAT Ibrahim;02.12.1988;TUR;96;95.93;155;160;---;160;196;---;201;201;361;2018 IWF World Championships;11.2018
454;M;17;22;13;ARIAS MOSQUERA Jeyson Alonso;09.09.1993;VEN;96;95.90;---;---;156;156;196;---;201;201;357;2018 IWF World Championships;11.2018
455;M;18;21;15;HAN Junghoon;28.08.1990;KOR;96;95.37;156;---;---;156;200;---;---;200;356;2018 IWF World Championships;11.2018
456;M;19;17;19;FERRIN ARROYO Paul Alexander;20.10.1995;ECU;96;95.99;155;160;---;160;195;---;---;195;355;2018 IWF World Championships;11.2018
457;M;20;19;18;BONNICK Jason Jermaine;08.11.1981;USA;96;95.60;152;157;---;157;185;191;196;196;353;2018 IWF World Championships;11.2018
458;M;21;28;17;KOZEVNIKOVS Vadims;01.02.1994;LAT;96;95.66;149;---;153;153;195;199;---;199;352;2018 IWF World Championships;11.2018
459;M;22;23;21;SPIESS Jurgen Christian;26.03.1984;GER;96;95.91;155;---;---;155;187;194;---;194;349;2018 IWF World Championships;11.2018
460;M;23;20;23;KULIKOV Illia;26.05.1997;UKR;96;92.35;152;---;156;156;185;192;---;192;348;2018 IWF World Championships;11.2018
461;M;24;25;26;DAMRON Nathan Charles;06.05.1996;USA;96;94.62;155;---;---;155;---;188;---;188;343;2018 IWF World Championships;11.2018
462;M;25;27;25;IAKOVIDIS Theodoros;12.02.1991;GRE;96;90.24;153;---;---;153;---;183;188;188;341;2018 IWF World Championships;11.2018
463;M;26;26;29;LI-CIN-CHAI Tomas;11.01.1993;LTU;96;95.74;145;151;154;154;175;183;---;183;337;2018 IWF World Championships;11.2018
464;M;27;31;24;RETULAINEN Eero Eljas;13.10.1992;FIN;96;95.99;---;---;149;149;---;188;---;188;337;2018 IWF World Championships;11.2018
465;M;28;30;28;AMOAH Christian;25.07.1999;GHA;96;93.18;145;---;150;150;175;180;185;185;335;2018 IWF World Championships;11.2018
466;M;29;33;27;AVETISYAN Edmon;06.10.1994;GBR;96;95.20;138;---;144;144;177;182;187;187;331;2018 IWF World Championships;11.2018
467;M;30;24;30;BESSETTE Pierre-Alexandre;28.09.1999;CAN;96;94.41;150;155;---;155;175;---;---;175;330;2018 IWF World Championships;11.2018
468;M;31;29;31;LAMENZA LOPEZ Luis Armando;06.05.1998;PUR;96;95.28;---;150;---;150;175;---;---;175;325;2018 IWF World Championships;11.2018
469;M;32;32;32;DARVILLE Simon Kastbjerg;26.06.1993;DEN;96;95.55;133;138;144;144;167;---;175;175;319;2018 IWF World Championships;11.2018
470;M;33;34;33;ANTANAITIS Laurynas;09.07.1995;LTU;96;95.41;---;136;140;140;162;168;171;171;311;2018 IWF World Championships;11.2018
471;M;34;35;34;MORALES MARQUEZ Keven;04.12.1991;PUR;96;92.38;---;---;135;135;165;170;---;170;305;2018 IWF World Championships;11.2018
472;M;---;18;---;MUGURDUMOV Artur;06.06.1988;ISR;96;95.80;155;---;160;160;---;---;---;---;0;2018 IWF World Championships;11.2018
473;M;1;2;3;HASHEMI Ali;01.11.1991;IRI;102;101.72;172;177;179;179;211;217;---;217;396;2018 IWF World Championships;11.2018
474;M;2;3;2;CHUMAK Dmytro;11.07.1990;UKR;102;100.80;171;176;---;176;210;217;---;217;393;2018 IWF World Championships;11.2018
475;M;3;4;1;BEIRALVAND Reza;01.04.1997;IRI;102;98.61;166;172;175;175;---;208;218;218;393;2018 IWF World Championships;11.2018
476;M;4;1;4;DJURAEV Akbar;08.10.1999;UZB;102;101.67;173;178;180;180;200;207;212;212;392;2018 IWF World Championships;11.2018
477;M;5;5;5;CHKHEIDZE Irakli;05.01.1999;GEO;102;100.52;164;---;168;168;---;208;---;208;376;2018 IWF World Championships;11.2018
478;M;6;7;6;REVA Kostiantyn;04.08.1993;UKR;102;101.23;---;162;167;167;---;206;---;206;373;2018 IWF World Championships;11.2018
479;M;7;8;7;SHEIKO Maksim;14.04.1988;RUS;102;101.92;161;---;167;167;---;200;---;200;367;2018 IWF World Championships;11.2018
480;M;8;10;8;KOVAC Matej;01.06.1992;SVK;102;101.95;163;---;---;163;193;198;---;198;361;2018 IWF World Championships;11.2018
481;M;9;9;10;ZAICHIKOV Alexandr;17.08.1992;KAZ;102;101.92;---;165;---;165;---;195;---;195;360;2018 IWF World Championships;11.2018
482;M;10;6;13;TANAKA Taro;22.01.1994;JPN;102;101.96;160;167;---;167;---;190;---;190;357;2018 IWF World Championships;11.2018
483;M;11;11;14;SIDISKIS Arnas;05.07.1990;LTU;102;101.55;---;---;155;155;184;---;189;189;344;2018 IWF World Championships;11.2018
484;M;12;13;11;PETELO Koriata;13.09.1991;SAM;102;100.52;145;150;---;150;185;193;---;193;343;2018 IWF World Championships;11.2018
485;M;13;16;9;AZCATL PANTOJA Javier;10.09.1996;MEX;102;100.95;145;---;---;145;190;195;---;195;340;2018 IWF World Championships;11.2018
486;M;14;14;15;PEREZ FUENTES Rigoberto;13.03.1994;MEX;102;99.70;143;147;150;150;183;188;---;188;338;2018 IWF World Championships;11.2018
487;M;15;17;12;OPELOGE Petunu;27.06.1994;SAM;102;100.61;140;145;---;145;180;185;190;190;335;2018 IWF World Championships;11.2018
488;M;16;12;17;KRYWULT Patrik;25.08.1990;CZE;102;101.32;147;151;---;151;---;176;---;176;327;2018 IWF World Championships;11.2018
489;M;17;19;16;KESKITALO Hannes Heikki Juhani;10.11.1996;FIN;102;101.97;140;---;---;140;---;---;185;185;325;2018 IWF World Championships;11.2018
490;M;18;18;18;STANULIS Zygimantas;11.01.1993;LTU;102;99.20;140;---;---;140;155;165;---;165;305;2018 IWF World Championships;11.2018
491;M;19;20;19;BURGER Ruben;03.03.1991;RSA;102;101.62;125;---;130;130;---;157;---;157;287;2018 IWF World Championships;11.2018
492;M;---;15;---;BOXALL Owen Gordon Edward;03.07.1990;GBR;102;101.24;148;---;---;148;---;---;---;---;0;2018 IWF World Championships;11.2018
493;M;---;---;---;ILYIN Ilya;24.05.1988;KAZ;102;101.76;---;---;---;---;---;---;---;---;0;2018 IWF World Championships;11.2018
494;M;1;2;1;MARTIROSYAN Simon;17.02.1997;ARM;109;109.00;190;195;---;195;230;240;---;240;435;2018 IWF World Championships;11.2018
495;M;2;1;4;YANG Zhe;14.07.1991;CHN;109;108.48;186;191;196;196;215;220;223;223;419;2018 IWF World Championships;11.2018
496;M;3;15;2;MICHALSKI Arkadiusz;07.01.1990;POL;109;108.89;175;---;---;175;221;228;---;228;403;2018 IWF World Championships;11.2018
497;M;4;9;6;ABBOOD Salwan Jasim Abbood;26.09.1991;IRQ;109;108.60;---;180;---;180;222;---;---;222;402;2018 IWF World Championships;11.2018
498;M;5;3;15;BOCHKOV Rodion;27.09.1993;RUS;109;107.55;179;184;190;190;210;---;---;210;400;2018 IWF World Championships;11.2018
499;M;6;6;11;BARARI Mohammadreza;31.03.1988;IRI;109;109.00;175;181;---;181;---;215;---;215;396;2018 IWF World Championships;11.2018
500;M;7;13;7;SEO Huiyeop;29.02.1992;KOR;109;107.87;170;175;---;175;210;220;---;220;395;2018 IWF World Championships;11.2018
501;M;8;11;9;GOSPODINOV Vasil Georgiev;05.11.1993;BUL;109;106.81;176;---;---;176;---;217;---;217;393;2018 IWF World Championships;11.2018
502;M;9;5;16;ARAMNAU Andrei;17.04.1988;BLR;109;108.69;175;---;182;182;210;---;---;210;392;2018 IWF World Championships;11.2018
503;M;10;16;8;PLESNIEKS Arturs;21.01.1992;LAT;109;108.68;169;---;174;174;210;217;---;217;391;2018 IWF World Championships;11.2018
504;M;11;8;13;JEONG Kisam;25.08.1987;KOR;109;106.82;170;---;180;180;200;---;210;210;390;2018 IWF World Championships;11.2018
505;M;12;18;5;KITTS Wesley Brian;22.05.1990;USA;109;108.74;168;---;---;168;208;215;222;222;390;2018 IWF World Championships;11.2018
506;M;13;10;17;MARTIROSJAN Sargis;14.09.1986;AUT;109;108.51;---;---;179;179;---;205;210;210;389;2018 IWF World Championships;11.2018
507;M;14;7;18;BERSANOV Ibragim;25.10.1992;KAZ;109;108.72;175;180;---;180;200;205;208;208;388;2018 IWF World Championships;11.2018
508;M;15;14;14;SHIKOV Georgi Stoilov;21.05.1993;BUL;109;108.66;175;---;---;175;210;---;---;210;385;2018 IWF World Championships;11.2018
509;M;16;4;22;ARROYO VALDEZ Jorge David;23.09.1991;ECU;109;108.33;---;178;183;183;196;201;---;201;384;2018 IWF World Championships;11.2018
510;M;17;12;19;RUIZ I VELASCO Marcos;13.10.1996;ESP;109;106.90;170;175;---;175;195;202;207;207;382;2018 IWF World Championships;11.2018
511;M;18;20;21;SHIRAISHI Hiroaki;24.10.1989;JPN;109;107.36;160;---;165;165;---;---;205;205;370;2018 IWF World Championships;11.2018
512;M;19;23;12;MOCHIDA Ryunosuke;18.06.1993;JPN;109;103.57;---;160;---;160;205;210;---;210;370;2018 IWF World Championships;11.2018
513;M;20;19;23;KUZIC Nenad;17.09.1991;SRB;109;106.64;160;165;---;165;200;---;---;200;365;2018 IWF World Championships;11.2018
514;M;21;22;20;OSARFO Richmond;14.12.1999;GHA;109;106.94;155;---;160;160;195;200;205;205;365;2018 IWF World Championships;11.2018
515;M;22;21;25;MEDINA ANDUEZA Josue Said;15.06.1998;MEX;109;108.58;---;160;163;163;---;---;191;191;354;2018 IWF World Championships;11.2018
516;M;23;17;30;TATARCIK Radoslav;08.03.1992;SVK;109;108.51;165;169;171;171;---;180;---;180;351;2018 IWF World Championships;11.2018
517;M;24;27;24;GASIOR Jiri;24.01.1991;CZE;109;105.35;150;154;---;154;190;194;---;194;348;2018 IWF World Championships;11.2018
518;M;25;25;26;HOFMANN Matthaeus Klaus Lorant Georg;28.06.1994;GER;109;108.27;157;---;---;157;183;188;190;190;347;2018 IWF World Championships;11.2018
519;M;26;24;28;LICHOVOJ Sergej;27.07.1993;LTU;109;108.88;153;158;---;158;184;---;---;184;342;2018 IWF World Championships;11.2018
520;M;27;31;27;POMELILE Sio Talakai;10.10.1993;TGA;109;108.27;140;---;---;140;180;186;---;186;326;2018 IWF World Championships;11.2018
521;M;28;28;31;ANDERSEN Mikkel Findahl;28.11.1988;DEN;109;108.86;---;147;---;147;---;---;177;177;324;2018 IWF World Championships;11.2018
522;M;29;32;29;ROBERTS-YOUNG Jackson George;15.08.1996;AUS;109;107.57;---;135;138;138;---;184;---;184;322;2018 IWF World Championships;11.2018
523;M;30;29;32;KRUZEL Ondrej;23.08.1988;SVK;109;108.55;145;---;---;145;175;---;---;175;320;2018 IWF World Championships;11.2018
524;M;31;30;33;HEIKKINEN Jani Petteri;27.07.1994;FIN;109;105.80;137;---;141;141;172;---;---;172;313;2018 IWF World Championships;11.2018
525;M;---;26;---;MAO Sanele;09.09.1985;SAM;109;107.05;150;155;---;155;---;---;---;---;0;2018 IWF World Championships;11.2018
526;M;---;---;3;NURUDINOV Ruslan;24.11.1991;UZB;109;108.95;---;---;---;---;222;227;---;227;0;2018 IWF World Championships;11.2018
527;M;---;---;10;GONZALEZ BARRIOS Jesus Abrahan;22.04.1991;VEN;109;106.79;---;---;---;---;212;216;---;216;0;2018 IWF World Championships;11.2018
528;W;1;1;1;KASHIRINA Tatiana;24.01.1991;RUS;p87;107.60;140;---;145;145;178;182;185;185;330;2018 IWF World Championships;11.2018
529;W;2;2;2;MENG Suping;17.07.1989;CHN;p87;120.92;135;140;143;143;175;184;---;184;327;2018 IWF World Championships;11.2018
530;W;3;4;3;CHAIDEE Duangaksorn;11.08.1997;THA;p87;113.70;120;125;129;129;162;167;---;167;296;2018 IWF World Championships;11.2018
531;W;4;3;4;KIM Kuk Hyang;20.04.1993;PRK;p87;97.64;123;126;130;130;160;165;---;165;295;2018 IWF World Championships;11.2018
532;W;5;5;5;ROBLES Sarah Elizabeth;01.08.1988;USA;p87;143.06;120;125;128;128;154;159;162;162;290;2018 IWF World Championships;11.2018
533;W;6;6;6;PULSABSAKUL Chitchanok;04.11.1993;THA;p87;121.11;120;125;127;127;144;147;153;153;280;2018 IWF World Championships;11.2018
534;W;7;9;7;LEE Huisol;27.08.1989;KOR;p87;118.26;115;120;---;120;---;145;152;152;272;2018 IWF World Championships;11.2018
535;W;8;10;10;LYSENKO Anastasiia;02.12.1995;UKR;p87;102.80;115;---;119;119;140;145;148;148;267;2018 IWF World Championships;11.2018
536;W;9;11;9;HARIDY Shaimaa Ahmed Khalaf;01.01.1991;EGY;p87;127.54;110;115;117;117;150;---;---;150;267;2018 IWF World Championships;11.2018
537;W;10;13;8;SON Younghee;24.04.1993;KOR;p87;112.51;---;115;---;115;152;---;---;152;267;2018 IWF World Championships;11.2018
538;W;11;8;12;MASCORRO OSUNA Tania Guadalupe;24.11.1988;MEX;p87;109.43;118;121;---;121;---;---;145;145;266;2018 IWF World Championships;11.2018
539;W;12;7;14;SALADIN TOLENTINO Veronica Estela;21.05.1992;DOM;p87;125.26;118;122;---;122;142;---;---;142;264;2018 IWF World Championships;11.2018
540;W;13;12;16;AYOVI CABEZAS Lisseth Betzaida;07.08.1998;ECU;p87;122.41;110;---;116;116;140;---;---;140;256;2018 IWF World Championships;11.2018
541;W;14;18;11;AKMAL Nurul;12.02.1993;INA;p87;108.66;105;---;---;105;138;143;146;146;251;2018 IWF World Championships;11.2018
542;W;15;16;13;SIPAIA Iuniarra;25.06.1993;SAM;p87;127.22;102;107;---;107;135;140;143;143;250;2018 IWF World Championships;11.2018
543;W;16;14;15;CAMPBELL Emily Jade;06.05.1994;GBR;p87;115.76;104;108;---;108;136;140;---;140;248;2018 IWF World Championships;11.2018
544;W;17;17;18;ABORNEVA Alexandra;30.10.1986;KAZ;p87;114.45;100;105;---;105;130;---;135;135;240;2018 IWF World Championships;11.2018
545;W;18;21;17;DALALYAN Arpine;18.02.1999;ARM;p87;116.82;94;97;101;101;130;138;---;138;239;2018 IWF World Championships;11.2018
546;W;19;15;20;MUPTILDA Aizada;23.04.1998;KAZ;p87;120.56;100;105;108;108;130;---;---;130;238;2018 IWF World Championships;11.2018
547;W;20;19;21;MIERZEJEWSKA Aleksandra Emilia;05.03.1992;POL;p87;142.14;100;---;105;105;125;130;---;130;235;2018 IWF World Championships;11.2018
548;W;21;20;23;KAROLAK Magdalena;01.06.1999;POL;p87;123.29;100;104;---;104;127;---;---;127;231;2018 IWF World Championships;11.2018
549;W;22;24;19;ZENG Ya-Li;28.11.1998;TPE;p87;127.46;90;---;95;95;125;130;134;134;229;2018 IWF World Championships;11.2018
550;W;23;23;22;MANUMUA Kuinini Juanita Mechteld;12.12.2000;TGA;p87;107.55;---;---;98;98;125;129;---;129;227;2018 IWF World Championships;11.2018
551;W;24;22;24;GUNAL Melike;05.04.1998;TUR;p87;111.96;95;---;100;100;123;---;---;123;223;2018 IWF World Championships;11.2018
552;W;25;25;25;KRALOVA Tereza;22.10.1989;CZE;p87;92.85;76;---;---;76;87;91;94;94;170;2018 IWF World Championships;11.2018
553;M;1;1;1;TALAKHADZE Lasha;02.10.1993;GEO;p109;169.31;207;212;217;217;245;252;257;257;474;2018 IWF World Championships;11.2018
554;M;2;2;2;MINASYAN Gor;25.10.1994;ARM;p109;149.50;200;205;---;205;240;245;---;245;450;2018 IWF World Championships;11.2018
555;M;3;4;3;DJANGABAEV Rustam;25.08.1993;UZB;p109;149.49;195;---;202;202;236;---;245;245;447;2018 IWF World Championships;11.2018
556;M;4;5;5;SARAIVA REIS Fernando;10.03.1990;BRA;p109;153.22;193;198;201;201;235;---;---;235;436;2018 IWF World Championships;11.2018
557;M;5;8;7;ALBEGOV Ruslan;26.01.1988;RUS;p109;155.36;191;---;197;197;235;---;---;235;432;2018 IWF World Championships;11.2018
558;M;6;10;6;SEIM Mart;24.10.1990;EST;p109;155.63;185;192;---;192;235;---;---;235;427;2018 IWF World Championships;11.2018
559;M;7;12;4;TOYCHYYEV Hojamuhammet;16.01.1992;TKM;p109;148.82;---;187;---;187;235;240;---;240;427;2018 IWF World Championships;11.2018
560;M;8;7;10;DAVOUDI Ali;22.03.1999;IRI;p109;161.04;185;192;197;197;227;---;---;227;424;2018 IWF World Championships;11.2018
561;M;9;9;9;ZIAZIULIN Eduard;29.10.1998;BLR;p109;134.83;189;---;193;193;222;228;---;228;421;2018 IWF World Championships;11.2018
562;M;10;11;11;NAGY Peter;16.01.1986;HUN;p109;158.05;182;---;187;187;220;226;---;226;413;2018 IWF World Championships;11.2018
563;M;11;16;8;KUCERA Kamil;19.03.1985;CZE;p109;147.63;178;---;---;178;220;225;232;232;410;2018 IWF World Championships;11.2018
564;M;12;15;14;WILKES Caine Morgan;10.07.1987;USA;p109;142.38;175;180;---;180;212;220;---;220;400;2018 IWF World Championships;11.2018
565;M;13;21;12;LITI David Andrew;11.07.1996;NZL;p109;166.05;161;165;169;169;220;226;---;226;395;2018 IWF World Championships;11.2018
566;M;14;17;16;MZHACHYK Aliaksei;30.06.1996;BLR;p109;139.92;175;---;---;175;210;---;215;215;390;2018 IWF World Championships;11.2018
567;M;15;25;13;COULLET Anthony Jean Pierre;10.01.1997;FRA;p109;143.32;---;160;165;165;213;217;221;221;386;2018 IWF World Championships;11.2018
568;M;16;24;15;KAJDOCI Tamas;21.04.1997;SRB;p109;141.07;165;---;---;165;---;215;218;218;383;2018 IWF World Championships;11.2018
569;M;17;19;18;GURDEEP Singh;01.10.1995;IND;p109;156.20;165;171;---;171;---;210;---;210;381;2018 IWF World Championships;11.2018
570;M;18;18;21;LITVINOV David;23.09.1993;ISR;p109;119.39;170;175;---;175;200;205;---;205;380;2018 IWF World Championships;11.2018
571;M;19;22;17;WITTE Keiser Andrew;15.03.1995;USA;p109;134.09;160;---;166;166;200;211;---;211;377;2018 IWF World Championships;11.2018
572;M;20;20;20;SALAS MANGUIS Fernando Fabricio;10.02.1988;ECU;p109;166.39;158;165;171;171;198;205;---;205;376;2018 IWF World Championships;11.2018
573;M;21;23;19;SLOBODIANIUK Oleg;10.04.1988;UKR;p109;156.82;161;166;---;166;210;---;---;210;376;2018 IWF World Championships;11.2018
574;M;22;26;22;HSIEH Yun-Ting;08.08.1999;TPE;p109;124.63;150;---;160;160;180;190;200;200;360;2018 IWF World Championships;11.2018
575;M;23;27;23;TOLLEFSEN Kim Eirik;24.12.1989;NOR;p109;118.31;---;---;156;156;190;195;---;195;351;2018 IWF World Championships;11.2018
576;M;24;28;24;SAILAU Yerdos;10.07.1994;KAZ;p109;139.21;147;152;---;152;185;190;194;194;346;2018 IWF World Championships;11.2018
577;M;25;29;25;ROININEN Teemu Tapio;10.07.1986;FIN;p109;143.11;148;152;---;152;---;193;---;193;345;2018 IWF World Championships;11.2018
578;M;---;3;---;TURMANIDZE Irakli;13.12.1984;GEO;p109;136.71;195;200;203;203;---;---;---;---;0;2018 IWF World Championships;11.2018
579;M;---;6;---;BIDANI Walid;11.06.1994;ALG;p109;134.91;190;197;---;197;---;---;---;---;0;2018 IWF World Championships;11.2018
580;M;---;13;---;LAURET RODRIGUEZ Luis Manuel;20.01.1997;CUB;p109;119.07;173;180;183;183;---;---;---;---;0;2018 IWF World Championships;11.2018
581;M;---;14;---;VELAGIC Almir;22.08.1981;GER;p109;144.60;180;---;---;180;---;---;---;---;0;2018 IWF World Championships;11.2018
